-- MySQL dump 10.13  Distrib 5.7.17, for Win64 (x86_64)
--
-- Host: 127.0.0.1    Database: fanco
-- ------------------------------------------------------
-- Server version	5.7.21-log

/*!40101 SET @OLD_CHARACTER_SET_CLIENT=@@CHARACTER_SET_CLIENT */;
/*!40101 SET @OLD_CHARACTER_SET_RESULTS=@@CHARACTER_SET_RESULTS */;
/*!40101 SET @OLD_COLLATION_CONNECTION=@@COLLATION_CONNECTION */;
/*!40101 SET NAMES utf8 */;
/*!40103 SET @OLD_TIME_ZONE=@@TIME_ZONE */;
/*!40103 SET TIME_ZONE='+00:00' */;
/*!40014 SET @OLD_UNIQUE_CHECKS=@@UNIQUE_CHECKS, UNIQUE_CHECKS=0 */;
/*!40014 SET @OLD_FOREIGN_KEY_CHECKS=@@FOREIGN_KEY_CHECKS, FOREIGN_KEY_CHECKS=0 */;
/*!40101 SET @OLD_SQL_MODE=@@SQL_MODE, SQL_MODE='NO_AUTO_VALUE_ON_ZERO' */;
/*!40111 SET @OLD_SQL_NOTES=@@SQL_NOTES, SQL_NOTES=0 */;

--
-- Table structure for table `channels`
--

DROP TABLE IF EXISTS `channels`;
/*!40101 SET @saved_cs_client     = @@character_set_client */;
/*!40101 SET character_set_client = utf8 */;
CREATE TABLE `channels` (
  `channel_id` int(11) NOT NULL AUTO_INCREMENT,
  `Channel` varchar(12) DEFAULT NULL,
  PRIMARY KEY (`channel_id`)
) ENGINE=InnoDB AUTO_INCREMENT=3 DEFAULT CHARSET=utf8;
/*!40101 SET character_set_client = @saved_cs_client */;

--
-- Dumping data for table `channels`
--

LOCK TABLES `channels` WRITE;
/*!40000 ALTER TABLE `channels` DISABLE KEYS */;
INSERT INTO `channels` VALUES (1,'Direct Sales'),(2,'Retail');
/*!40000 ALTER TABLE `channels` ENABLE KEYS */;
UNLOCK TABLES;

--
-- Table structure for table `pricing`
--

DROP TABLE IF EXISTS `pricing`;
/*!40101 SET @saved_cs_client     = @@character_set_client */;
/*!40101 SET character_set_client = utf8 */;
CREATE TABLE `pricing` (
  `item_id` int(11) NOT NULL,
  `Product_id` int(11) NOT NULL,
  `SKU_id` int(11) NOT NULL,
  `Channel_id` int(11) NOT NULL,
  `item_revenue` decimal(12,2) DEFAULT NULL,
  PRIMARY KEY (`item_id`),
  KEY `Product_id_index` (`Product_id`),
  KEY `SKU_id_index` (`SKU_id`),
  KEY `Channel_id_index` (`Channel_id`),
  CONSTRAINT `channel_id` FOREIGN KEY (`Channel_id`) REFERENCES `channels` (`channel_id`) ON DELETE NO ACTION ON UPDATE NO ACTION,
  CONSTRAINT `product_id` FOREIGN KEY (`Product_id`) REFERENCES `products` (`product_id`) ON DELETE NO ACTION ON UPDATE NO ACTION,
  CONSTRAINT `sku_id` FOREIGN KEY (`SKU_id`) REFERENCES `sku` (`sku_id`) ON DELETE NO ACTION ON UPDATE NO ACTION
) ENGINE=InnoDB DEFAULT CHARSET=utf8;
/*!40101 SET character_set_client = @saved_cs_client */;

--
-- Dumping data for table `pricing`
--

LOCK TABLES `pricing` WRITE;
/*!40000 ALTER TABLE `pricing` DISABLE KEYS */;
INSERT INTO `pricing` VALUES (1,1,1,1,14.99),(2,1,1,2,8.94),(3,1,2,1,11.99),(4,1,2,2,6.59),(5,1,3,1,11.99),(6,1,3,2,6.59);
/*!40000 ALTER TABLE `pricing` ENABLE KEYS */;
UNLOCK TABLES;

--
-- Table structure for table `products`
--

DROP TABLE IF EXISTS `products`;
/*!40101 SET @saved_cs_client     = @@character_set_client */;
/*!40101 SET character_set_client = utf8 */;
CREATE TABLE `products` (
  `product_id` int(11) NOT NULL AUTO_INCREMENT,
  `Product_name` varchar(25) DEFAULT NULL,
  PRIMARY KEY (`product_id`)
) ENGINE=InnoDB AUTO_INCREMENT=2 DEFAULT CHARSET=utf8;
/*!40101 SET character_set_client = @saved_cs_client */;

--
-- Dumping data for table `products`
--

LOCK TABLES `products` WRITE;
/*!40000 ALTER TABLE `products` DISABLE KEYS */;
INSERT INTO `products` VALUES (1,'FanCo. Classic');
/*!40000 ALTER TABLE `products` ENABLE KEYS */;
UNLOCK TABLES;

--
-- Table structure for table `sales`
--

DROP TABLE IF EXISTS `sales`;
/*!40101 SET @saved_cs_client     = @@character_set_client */;
/*!40101 SET character_set_client = utf8 */;
CREATE TABLE `sales` (
  `weekly_sales_id` int(11) NOT NULL AUTO_INCREMENT,
  `week` datetime DEFAULT NULL,
  `City` varchar(50) DEFAULT NULL,
  `Neighborhood` varchar(255) DEFAULT NULL,
  `Product_fk` int(11) NOT NULL,
  `SKU_fk` int(11) NOT NULL,
  `Channel_fk` int(11) NOT NULL,
  `Sales_count` int(11) NOT NULL,
  PRIMARY KEY (`weekly_sales_id`),
  KEY `Product_id_index` (`Product_fk`),
  KEY `SKU_id_index` (`SKU_fk`),
  KEY `Channel_id_index` (`Channel_fk`),
  KEY `Sales_count_index` (`Sales_count`),
  CONSTRAINT `channel_fk` FOREIGN KEY (`Channel_fk`) REFERENCES `channels` (`channel_id`) ON DELETE NO ACTION ON UPDATE NO ACTION,
  CONSTRAINT `product_fk` FOREIGN KEY (`Product_fk`) REFERENCES `products` (`product_id`) ON DELETE NO ACTION ON UPDATE NO ACTION,
  CONSTRAINT `sku_fk` FOREIGN KEY (`SKU_fk`) REFERENCES `sku` (`sku_id`) ON DELETE NO ACTION ON UPDATE NO ACTION
) ENGINE=InnoDB AUTO_INCREMENT=2497 DEFAULT CHARSET=utf8;
/*!40101 SET character_set_client = @saved_cs_client */;

--
-- Dumping data for table `sales`
--

LOCK TABLES `sales` WRITE;
/*!40000 ALTER TABLE `sales` DISABLE KEYS */;
INSERT INTO `sales` VALUES (1,'2016-05-23 00:00:00','Boston','Allston',1,1,1,98),(2,'2016-05-16 00:00:00','Boston','Allston',1,1,1,71),(3,'2016-05-09 00:00:00','Boston','Allston',1,1,1,55),(4,'2016-05-02 00:00:00','Boston','Allston',1,1,1,43),(5,'2016-04-25 00:00:00','Boston','Allston',1,1,1,0),(6,'2016-04-18 00:00:00','Boston','Allston',1,1,1,0),(7,'2016-04-11 00:00:00','Boston','Allston',1,1,1,0),(8,'2016-04-04 00:00:00','Boston','Allston',1,1,1,0),(9,'2016-03-28 00:00:00','Boston','Allston',1,1,1,0),(10,'2016-03-21 00:00:00','Boston','Allston',1,1,1,0),(11,'2016-03-14 00:00:00','Boston','Allston',1,1,1,0),(12,'2016-03-07 00:00:00','Boston','Allston',1,1,1,0),(13,'2016-02-29 00:00:00','Boston','Allston',1,1,1,0),(14,'2016-02-22 00:00:00','Boston','Allston',1,1,1,0),(15,'2016-02-15 00:00:00','Boston','Allston',1,1,1,0),(16,'2016-02-08 00:00:00','Boston','Allston',1,1,1,0),(17,'2016-02-01 00:00:00','Boston','Allston',1,1,1,0),(18,'2016-01-25 00:00:00','Boston','Allston',1,1,1,0),(19,'2016-01-18 00:00:00','Boston','Allston',1,1,1,0),(20,'2016-01-11 00:00:00','Boston','Allston',1,1,1,0),(21,'2016-01-04 00:00:00','Boston','Allston',1,1,1,0),(22,'2015-12-28 00:00:00','Boston','Allston',1,1,1,0),(23,'2015-12-21 00:00:00','Boston','Allston',1,1,1,0),(24,'2015-12-14 00:00:00','Boston','Allston',1,1,1,0),(25,'2015-12-07 00:00:00','Boston','Allston',1,1,1,0),(26,'2015-11-30 00:00:00','Boston','Allston',1,1,1,0),(27,'2015-11-23 00:00:00','Boston','Allston',1,1,1,0),(28,'2015-11-16 00:00:00','Boston','Allston',1,1,1,0),(29,'2015-11-09 00:00:00','Boston','Allston',1,1,1,0),(30,'2015-11-02 00:00:00','Boston','Allston',1,1,1,0),(31,'2015-10-26 00:00:00','Boston','Allston',1,1,1,0),(32,'2015-10-19 00:00:00','Boston','Allston',1,1,1,0),(33,'2015-10-12 00:00:00','Boston','Allston',1,1,1,0),(34,'2015-10-05 00:00:00','Boston','Allston',1,1,1,0),(35,'2015-09-28 00:00:00','Boston','Allston',1,1,1,0),(36,'2015-09-21 00:00:00','Boston','Allston',1,1,1,0),(37,'2015-09-14 00:00:00','Boston','Allston',1,1,1,38),(38,'2015-09-07 00:00:00','Boston','Allston',1,1,1,45),(39,'2015-08-31 00:00:00','Boston','Allston',1,1,1,102),(40,'2015-08-24 00:00:00','Boston','Allston',1,1,1,177),(41,'2015-08-17 00:00:00','Boston','Allston',1,1,1,197),(42,'2015-08-10 00:00:00','Boston','Allston',1,1,1,204),(43,'2015-08-03 00:00:00','Boston','Allston',1,1,1,206),(44,'2015-07-27 00:00:00','Boston','Allston',1,1,1,204),(45,'2015-07-20 00:00:00','Boston','Allston',1,1,1,180),(46,'2015-07-13 00:00:00','Boston','Allston',1,1,1,169),(47,'2015-07-06 00:00:00','Boston','Allston',1,1,1,177),(48,'2015-06-29 00:00:00','Boston','Allston',1,1,1,312),(49,'2015-06-22 00:00:00','Boston','Allston',1,1,1,170),(50,'2015-06-15 00:00:00','Boston','Allston',1,1,1,151),(51,'2015-06-08 00:00:00','Boston','Allston',1,1,1,137),(52,'2015-06-01 00:00:00','Boston','Allston',1,1,1,130),(53,'2016-05-23 00:00:00','Boston','Allston',1,1,2,351),(54,'2016-05-16 00:00:00','Boston','Allston',1,1,2,326),(55,'2016-05-09 00:00:00','Boston','Allston',1,1,2,325),(56,'2016-05-02 00:00:00','Boston','Allston',1,1,2,296),(57,'2016-04-25 00:00:00','Boston','Allston',1,1,2,284),(58,'2016-04-18 00:00:00','Boston','Allston',1,1,2,279),(59,'2016-04-11 00:00:00','Boston','Allston',1,1,2,272),(60,'2016-04-04 00:00:00','Boston','Allston',1,1,2,261),(61,'2016-03-28 00:00:00','Boston','Allston',1,1,2,264),(62,'2016-03-21 00:00:00','Boston','Allston',1,1,2,262),(63,'2016-03-14 00:00:00','Boston','Allston',1,1,2,261),(64,'2016-03-07 00:00:00','Boston','Allston',1,1,2,261),(65,'2016-02-29 00:00:00','Boston','Allston',1,1,2,247),(66,'2016-02-22 00:00:00','Boston','Allston',1,1,2,224),(67,'2016-02-15 00:00:00','Boston','Allston',1,1,2,210),(68,'2016-02-08 00:00:00','Boston','Allston',1,1,2,211),(69,'2016-02-01 00:00:00','Boston','Allston',1,1,2,217),(70,'2016-01-25 00:00:00','Boston','Allston',1,1,2,216),(71,'2016-01-18 00:00:00','Boston','Allston',1,1,2,216),(72,'2016-01-11 00:00:00','Boston','Allston',1,1,2,213),(73,'2016-01-04 00:00:00','Boston','Allston',1,1,2,216),(74,'2015-12-28 00:00:00','Boston','Allston',1,1,2,209),(75,'2015-12-21 00:00:00','Boston','Allston',1,1,2,217),(76,'2015-12-14 00:00:00','Boston','Allston',1,1,2,215),(77,'2015-12-07 00:00:00','Boston','Allston',1,1,2,215),(78,'2015-11-30 00:00:00','Boston','Allston',1,1,2,214),(79,'2015-11-23 00:00:00','Boston','Allston',1,1,2,210),(80,'2015-11-16 00:00:00','Boston','Allston',1,1,2,217),(81,'2015-11-09 00:00:00','Boston','Allston',1,1,2,215),(82,'2015-11-02 00:00:00','Boston','Allston',1,1,2,208),(83,'2015-10-26 00:00:00','Boston','Allston',1,1,2,220),(84,'2015-10-19 00:00:00','Boston','Allston',1,1,2,238),(85,'2015-10-12 00:00:00','Boston','Allston',1,1,2,242),(86,'2015-10-05 00:00:00','Boston','Allston',1,1,2,247),(87,'2015-09-28 00:00:00','Boston','Allston',1,1,2,261),(88,'2015-09-21 00:00:00','Boston','Allston',1,1,2,279),(89,'2015-09-14 00:00:00','Boston','Allston',1,1,2,288),(90,'2015-09-07 00:00:00','Boston','Allston',1,1,2,304),(91,'2015-08-31 00:00:00','Boston','Allston',1,1,2,312),(92,'2015-08-24 00:00:00','Boston','Allston',1,1,2,327),(93,'2015-08-17 00:00:00','Boston','Allston',1,1,2,345),(94,'2015-08-10 00:00:00','Boston','Allston',1,1,2,362),(95,'2015-08-03 00:00:00','Boston','Allston',1,1,2,392),(96,'2015-07-27 00:00:00','Boston','Allston',1,1,2,424),(97,'2015-07-20 00:00:00','Boston','Allston',1,1,2,419),(98,'2015-07-13 00:00:00','Boston','Allston',1,1,2,422),(99,'2015-07-06 00:00:00','Boston','Allston',1,1,2,426),(100,'2015-06-29 00:00:00','Boston','Allston',1,1,2,625),(101,'2015-06-22 00:00:00','Boston','Allston',1,1,2,387),(102,'2015-06-15 00:00:00','Boston','Allston',1,1,2,377),(103,'2015-06-08 00:00:00','Boston','Allston',1,1,2,369),(104,'2015-06-01 00:00:00','Boston','Allston',1,1,2,358),(105,'2016-05-23 00:00:00','Boston','Allston',1,2,1,256),(106,'2016-05-16 00:00:00','Boston','Allston',1,2,1,185),(107,'2016-05-09 00:00:00','Boston','Allston',1,2,1,130),(108,'2016-05-02 00:00:00','Boston','Allston',1,2,1,93),(109,'2016-04-25 00:00:00','Boston','Allston',1,2,1,0),(110,'2016-04-18 00:00:00','Boston','Allston',1,2,1,0),(111,'2016-04-11 00:00:00','Boston','Allston',1,2,1,0),(112,'2016-04-04 00:00:00','Boston','Allston',1,2,1,0),(113,'2016-03-28 00:00:00','Boston','Allston',1,2,1,0),(114,'2016-03-21 00:00:00','Boston','Allston',1,2,1,0),(115,'2016-03-14 00:00:00','Boston','Allston',1,2,1,0),(116,'2016-03-07 00:00:00','Boston','Allston',1,2,1,0),(117,'2016-02-29 00:00:00','Boston','Allston',1,2,1,0),(118,'2016-02-22 00:00:00','Boston','Allston',1,2,1,0),(119,'2016-02-15 00:00:00','Boston','Allston',1,2,1,0),(120,'2016-02-08 00:00:00','Boston','Allston',1,2,1,0),(121,'2016-02-01 00:00:00','Boston','Allston',1,2,1,0),(122,'2016-01-25 00:00:00','Boston','Allston',1,2,1,0),(123,'2016-01-18 00:00:00','Boston','Allston',1,2,1,0),(124,'2016-01-11 00:00:00','Boston','Allston',1,2,1,0),(125,'2016-01-04 00:00:00','Boston','Allston',1,2,1,0),(126,'2015-12-28 00:00:00','Boston','Allston',1,2,1,0),(127,'2015-12-21 00:00:00','Boston','Allston',1,2,1,0),(128,'2015-12-14 00:00:00','Boston','Allston',1,2,1,0),(129,'2015-12-07 00:00:00','Boston','Allston',1,2,1,0),(130,'2015-11-30 00:00:00','Boston','Allston',1,2,1,0),(131,'2015-11-23 00:00:00','Boston','Allston',1,2,1,0),(132,'2015-11-16 00:00:00','Boston','Allston',1,2,1,0),(133,'2015-11-09 00:00:00','Boston','Allston',1,2,1,0),(134,'2015-11-02 00:00:00','Boston','Allston',1,2,1,0),(135,'2015-10-26 00:00:00','Boston','Allston',1,2,1,0),(136,'2015-10-19 00:00:00','Boston','Allston',1,2,1,0),(137,'2015-10-12 00:00:00','Boston','Allston',1,2,1,0),(138,'2015-10-05 00:00:00','Boston','Allston',1,2,1,0),(139,'2015-09-28 00:00:00','Boston','Allston',1,2,1,0),(140,'2015-09-21 00:00:00','Boston','Allston',1,2,1,0),(141,'2015-09-14 00:00:00','Boston','Allston',1,2,1,92),(142,'2015-09-07 00:00:00','Boston','Allston',1,2,1,111),(143,'2015-08-31 00:00:00','Boston','Allston',1,2,1,273),(144,'2015-08-24 00:00:00','Boston','Allston',1,2,1,460),(145,'2015-08-17 00:00:00','Boston','Allston',1,2,1,516),(146,'2015-08-10 00:00:00','Boston','Allston',1,2,1,554),(147,'2015-08-03 00:00:00','Boston','Allston',1,2,1,556),(148,'2015-07-27 00:00:00','Boston','Allston',1,2,1,548),(149,'2015-07-20 00:00:00','Boston','Allston',1,2,1,464),(150,'2015-07-13 00:00:00','Boston','Allston',1,2,1,440),(151,'2015-07-06 00:00:00','Boston','Allston',1,2,1,461),(152,'2015-06-29 00:00:00','Boston','Allston',1,2,1,823),(153,'2015-06-22 00:00:00','Boston','Allston',1,2,1,460),(154,'2015-06-15 00:00:00','Boston','Allston',1,2,1,382),(155,'2015-06-08 00:00:00','Boston','Allston',1,2,1,368),(156,'2015-06-01 00:00:00','Boston','Allston',1,2,1,333),(157,'2016-05-23 00:00:00','Boston','Allston',1,2,2,264),(158,'2016-05-16 00:00:00','Boston','Allston',1,2,2,249),(159,'2016-05-09 00:00:00','Boston','Allston',1,2,2,246),(160,'2016-05-02 00:00:00','Boston','Allston',1,2,2,215),(161,'2016-04-25 00:00:00','Boston','Allston',1,2,2,214),(162,'2016-04-18 00:00:00','Boston','Allston',1,2,2,207),(163,'2016-04-11 00:00:00','Boston','Allston',1,2,2,200),(164,'2016-04-04 00:00:00','Boston','Allston',1,2,2,204),(165,'2016-03-28 00:00:00','Boston','Allston',1,2,2,198),(166,'2016-03-21 00:00:00','Boston','Allston',1,2,2,197),(167,'2016-03-14 00:00:00','Boston','Allston',1,2,2,190),(168,'2016-03-07 00:00:00','Boston','Allston',1,2,2,194),(169,'2016-02-29 00:00:00','Boston','Allston',1,2,2,185),(170,'2016-02-22 00:00:00','Boston','Allston',1,2,2,173),(171,'2016-02-15 00:00:00','Boston','Allston',1,2,2,162),(172,'2016-02-08 00:00:00','Boston','Allston',1,2,2,165),(173,'2016-02-01 00:00:00','Boston','Allston',1,2,2,164),(174,'2016-01-25 00:00:00','Boston','Allston',1,2,2,165),(175,'2016-01-18 00:00:00','Boston','Allston',1,2,2,159),(176,'2016-01-11 00:00:00','Boston','Allston',1,2,2,163),(177,'2016-01-04 00:00:00','Boston','Allston',1,2,2,156),(178,'2015-12-28 00:00:00','Boston','Allston',1,2,2,156),(179,'2015-12-21 00:00:00','Boston','Allston',1,2,2,160),(180,'2015-12-14 00:00:00','Boston','Allston',1,2,2,164),(181,'2015-12-07 00:00:00','Boston','Allston',1,2,2,162),(182,'2015-11-30 00:00:00','Boston','Allston',1,2,2,166),(183,'2015-11-23 00:00:00','Boston','Allston',1,2,2,162),(184,'2015-11-16 00:00:00','Boston','Allston',1,2,2,160),(185,'2015-11-09 00:00:00','Boston','Allston',1,2,2,161),(186,'2015-11-02 00:00:00','Boston','Allston',1,2,2,164),(187,'2015-10-26 00:00:00','Boston','Allston',1,2,2,165),(188,'2015-10-19 00:00:00','Boston','Allston',1,2,2,174),(189,'2015-10-12 00:00:00','Boston','Allston',1,2,2,179),(190,'2015-10-05 00:00:00','Boston','Allston',1,2,2,193),(191,'2015-09-28 00:00:00','Boston','Allston',1,2,2,199),(192,'2015-09-21 00:00:00','Boston','Allston',1,2,2,210),(193,'2015-09-14 00:00:00','Boston','Allston',1,2,2,215),(194,'2015-09-07 00:00:00','Boston','Allston',1,2,2,230),(195,'2015-08-31 00:00:00','Boston','Allston',1,2,2,235),(196,'2015-08-24 00:00:00','Boston','Allston',1,2,2,240),(197,'2015-08-17 00:00:00','Boston','Allston',1,2,2,266),(198,'2015-08-10 00:00:00','Boston','Allston',1,2,2,266),(199,'2015-08-03 00:00:00','Boston','Allston',1,2,2,294),(200,'2015-07-27 00:00:00','Boston','Allston',1,2,2,319),(201,'2015-07-20 00:00:00','Boston','Allston',1,2,2,315),(202,'2015-07-13 00:00:00','Boston','Allston',1,2,2,316),(203,'2015-07-06 00:00:00','Boston','Allston',1,2,2,320),(204,'2015-06-29 00:00:00','Boston','Allston',1,2,2,473),(205,'2015-06-22 00:00:00','Boston','Allston',1,2,2,292),(206,'2015-06-15 00:00:00','Boston','Allston',1,2,2,283),(207,'2015-06-08 00:00:00','Boston','Allston',1,2,2,273),(208,'2015-06-01 00:00:00','Boston','Allston',1,2,2,274),(209,'2016-05-23 00:00:00','Boston','Allston',1,3,1,164),(210,'2016-05-16 00:00:00','Boston','Allston',1,3,1,123),(211,'2016-05-09 00:00:00','Boston','Allston',1,3,1,84),(212,'2016-05-02 00:00:00','Boston','Allston',1,3,1,61),(213,'2016-04-25 00:00:00','Boston','Allston',1,3,1,0),(214,'2016-04-18 00:00:00','Boston','Allston',1,3,1,0),(215,'2016-04-11 00:00:00','Boston','Allston',1,3,1,0),(216,'2016-04-04 00:00:00','Boston','Allston',1,3,1,0),(217,'2016-03-28 00:00:00','Boston','Allston',1,3,1,0),(218,'2016-03-21 00:00:00','Boston','Allston',1,3,1,0),(219,'2016-03-14 00:00:00','Boston','Allston',1,3,1,0),(220,'2016-03-07 00:00:00','Boston','Allston',1,3,1,0),(221,'2016-02-29 00:00:00','Boston','Allston',1,3,1,0),(222,'2016-02-22 00:00:00','Boston','Allston',1,3,1,0),(223,'2016-02-15 00:00:00','Boston','Allston',1,3,1,0),(224,'2016-02-08 00:00:00','Boston','Allston',1,3,1,0),(225,'2016-02-01 00:00:00','Boston','Allston',1,3,1,0),(226,'2016-01-25 00:00:00','Boston','Allston',1,3,1,0),(227,'2016-01-18 00:00:00','Boston','Allston',1,3,1,0),(228,'2016-01-11 00:00:00','Boston','Allston',1,3,1,0),(229,'2016-01-04 00:00:00','Boston','Allston',1,3,1,0),(230,'2015-12-28 00:00:00','Boston','Allston',1,3,1,0),(231,'2015-12-21 00:00:00','Boston','Allston',1,3,1,0),(232,'2015-12-14 00:00:00','Boston','Allston',1,3,1,0),(233,'2015-12-07 00:00:00','Boston','Allston',1,3,1,0),(234,'2015-11-30 00:00:00','Boston','Allston',1,3,1,0),(235,'2015-11-23 00:00:00','Boston','Allston',1,3,1,0),(236,'2015-11-16 00:00:00','Boston','Allston',1,3,1,0),(237,'2015-11-09 00:00:00','Boston','Allston',1,3,1,0),(238,'2015-11-02 00:00:00','Boston','Allston',1,3,1,0),(239,'2015-10-26 00:00:00','Boston','Allston',1,3,1,0),(240,'2015-10-19 00:00:00','Boston','Allston',1,3,1,0),(241,'2015-10-12 00:00:00','Boston','Allston',1,3,1,0),(242,'2015-10-05 00:00:00','Boston','Allston',1,3,1,0),(243,'2015-09-28 00:00:00','Boston','Allston',1,3,1,0),(244,'2015-09-21 00:00:00','Boston','Allston',1,3,1,0),(245,'2015-09-14 00:00:00','Boston','Allston',1,3,1,63),(246,'2015-09-07 00:00:00','Boston','Allston',1,3,1,78),(247,'2015-08-31 00:00:00','Boston','Allston',1,3,1,181),(248,'2015-08-24 00:00:00','Boston','Allston',1,3,1,293),(249,'2015-08-17 00:00:00','Boston','Allston',1,3,1,329),(250,'2015-08-10 00:00:00','Boston','Allston',1,3,1,351),(251,'2015-08-03 00:00:00','Boston','Allston',1,3,1,352),(252,'2015-07-27 00:00:00','Boston','Allston',1,3,1,350),(253,'2015-07-20 00:00:00','Boston','Allston',1,3,1,298),(254,'2015-07-13 00:00:00','Boston','Allston',1,3,1,285),(255,'2015-07-06 00:00:00','Boston','Allston',1,3,1,295),(256,'2015-06-29 00:00:00','Boston','Allston',1,3,1,525),(257,'2015-06-22 00:00:00','Boston','Allston',1,3,1,291),(258,'2015-06-15 00:00:00','Boston','Allston',1,3,1,243),(259,'2015-06-08 00:00:00','Boston','Allston',1,3,1,238),(260,'2015-06-01 00:00:00','Boston','Allston',1,3,1,210),(261,'2016-05-23 00:00:00','Boston','Allston',1,3,2,326),(262,'2016-05-16 00:00:00','Boston','Allston',1,3,2,309),(263,'2016-05-09 00:00:00','Boston','Allston',1,3,2,306),(264,'2016-05-02 00:00:00','Boston','Allston',1,3,2,270),(265,'2016-04-25 00:00:00','Boston','Allston',1,3,2,263),(266,'2016-04-18 00:00:00','Boston','Allston',1,3,2,261),(267,'2016-04-11 00:00:00','Boston','Allston',1,3,2,256),(268,'2016-04-04 00:00:00','Boston','Allston',1,3,2,241),(269,'2016-03-28 00:00:00','Boston','Allston',1,3,2,243),(270,'2016-03-21 00:00:00','Boston','Allston',1,3,2,239),(271,'2016-03-14 00:00:00','Boston','Allston',1,3,2,242),(272,'2016-03-07 00:00:00','Boston','Allston',1,3,2,240),(273,'2016-02-29 00:00:00','Boston','Allston',1,3,2,228),(274,'2016-02-22 00:00:00','Boston','Allston',1,3,2,211),(275,'2016-02-15 00:00:00','Boston','Allston',1,3,2,203),(276,'2016-02-08 00:00:00','Boston','Allston',1,3,2,193),(277,'2016-02-01 00:00:00','Boston','Allston',1,3,2,194),(278,'2016-01-25 00:00:00','Boston','Allston',1,3,2,202),(279,'2016-01-18 00:00:00','Boston','Allston',1,3,2,199),(280,'2016-01-11 00:00:00','Boston','Allston',1,3,2,200),(281,'2016-01-04 00:00:00','Boston','Allston',1,3,2,202),(282,'2015-12-28 00:00:00','Boston','Allston',1,3,2,197),(283,'2015-12-21 00:00:00','Boston','Allston',1,3,2,193),(284,'2015-12-14 00:00:00','Boston','Allston',1,3,2,201),(285,'2015-12-07 00:00:00','Boston','Allston',1,3,2,196),(286,'2015-11-30 00:00:00','Boston','Allston',1,3,2,200),(287,'2015-11-23 00:00:00','Boston','Allston',1,3,2,198),(288,'2015-11-16 00:00:00','Boston','Allston',1,3,2,194),(289,'2015-11-09 00:00:00','Boston','Allston',1,3,2,201),(290,'2015-11-02 00:00:00','Boston','Allston',1,3,2,193),(291,'2015-10-26 00:00:00','Boston','Allston',1,3,2,206),(292,'2015-10-19 00:00:00','Boston','Allston',1,3,2,214),(293,'2015-10-12 00:00:00','Boston','Allston',1,3,2,224),(294,'2015-10-05 00:00:00','Boston','Allston',1,3,2,234),(295,'2015-09-28 00:00:00','Boston','Allston',1,3,2,241),(296,'2015-09-21 00:00:00','Boston','Allston',1,3,2,264),(297,'2015-09-14 00:00:00','Boston','Allston',1,3,2,274),(298,'2015-09-07 00:00:00','Boston','Allston',1,3,2,290),(299,'2015-08-31 00:00:00','Boston','Allston',1,3,2,289),(300,'2015-08-24 00:00:00','Boston','Allston',1,3,2,299),(301,'2015-08-17 00:00:00','Boston','Allston',1,3,2,325),(302,'2015-08-10 00:00:00','Boston','Allston',1,3,2,330),(303,'2015-08-03 00:00:00','Boston','Allston',1,3,2,365),(304,'2015-07-27 00:00:00','Boston','Allston',1,3,2,388),(305,'2015-07-20 00:00:00','Boston','Allston',1,3,2,390),(306,'2015-07-13 00:00:00','Boston','Allston',1,3,2,387),(307,'2015-07-06 00:00:00','Boston','Allston',1,3,2,394),(308,'2015-06-29 00:00:00','Boston','Allston',1,3,2,586),(309,'2015-06-22 00:00:00','Boston','Allston',1,3,2,363),(310,'2015-06-15 00:00:00','Boston','Allston',1,3,2,351),(311,'2015-06-08 00:00:00','Boston','Allston',1,3,2,336),(312,'2015-06-01 00:00:00','Boston','Allston',1,3,2,330),(313,'2016-05-23 00:00:00','Boston','Back Bay',1,1,1,101),(314,'2016-05-16 00:00:00','Boston','Back Bay',1,1,1,73),(315,'2016-05-09 00:00:00','Boston','Back Bay',1,1,1,56),(316,'2016-05-02 00:00:00','Boston','Back Bay',1,1,1,37),(317,'2016-04-25 00:00:00','Boston','Back Bay',1,1,1,0),(318,'2016-04-18 00:00:00','Boston','Back Bay',1,1,1,0),(319,'2016-04-11 00:00:00','Boston','Back Bay',1,1,1,0),(320,'2016-04-04 00:00:00','Boston','Back Bay',1,1,1,0),(321,'2016-03-28 00:00:00','Boston','Back Bay',1,1,1,0),(322,'2016-03-21 00:00:00','Boston','Back Bay',1,1,1,0),(323,'2016-03-14 00:00:00','Boston','Back Bay',1,1,1,0),(324,'2016-03-07 00:00:00','Boston','Back Bay',1,1,1,0),(325,'2016-02-29 00:00:00','Boston','Back Bay',1,1,1,0),(326,'2016-02-22 00:00:00','Boston','Back Bay',1,1,1,0),(327,'2016-02-15 00:00:00','Boston','Back Bay',1,1,1,0),(328,'2016-02-08 00:00:00','Boston','Back Bay',1,1,1,0),(329,'2016-02-01 00:00:00','Boston','Back Bay',1,1,1,0),(330,'2016-01-25 00:00:00','Boston','Back Bay',1,1,1,0),(331,'2016-01-18 00:00:00','Boston','Back Bay',1,1,1,0),(332,'2016-01-11 00:00:00','Boston','Back Bay',1,1,1,0),(333,'2016-01-04 00:00:00','Boston','Back Bay',1,1,1,0),(334,'2015-12-28 00:00:00','Boston','Back Bay',1,1,1,0),(335,'2015-12-21 00:00:00','Boston','Back Bay',1,1,1,0),(336,'2015-12-14 00:00:00','Boston','Back Bay',1,1,1,0),(337,'2015-12-07 00:00:00','Boston','Back Bay',1,1,1,0),(338,'2015-11-30 00:00:00','Boston','Back Bay',1,1,1,0),(339,'2015-11-23 00:00:00','Boston','Back Bay',1,1,1,0),(340,'2015-11-16 00:00:00','Boston','Back Bay',1,1,1,0),(341,'2015-11-09 00:00:00','Boston','Back Bay',1,1,1,0),(342,'2015-11-02 00:00:00','Boston','Back Bay',1,1,1,0),(343,'2015-10-26 00:00:00','Boston','Back Bay',1,1,1,0),(344,'2015-10-19 00:00:00','Boston','Back Bay',1,1,1,0),(345,'2015-10-12 00:00:00','Boston','Back Bay',1,1,1,0),(346,'2015-10-05 00:00:00','Boston','Back Bay',1,1,1,0),(347,'2015-09-28 00:00:00','Boston','Back Bay',1,1,1,0),(348,'2015-09-21 00:00:00','Boston','Back Bay',1,1,1,0),(349,'2015-09-14 00:00:00','Boston','Back Bay',1,1,1,41),(350,'2015-09-07 00:00:00','Boston','Back Bay',1,1,1,51),(351,'2015-08-31 00:00:00','Boston','Back Bay',1,1,1,111),(352,'2015-08-24 00:00:00','Boston','Back Bay',1,1,1,174),(353,'2015-08-17 00:00:00','Boston','Back Bay',1,1,1,191),(354,'2015-08-10 00:00:00','Boston','Back Bay',1,1,1,207),(355,'2015-08-03 00:00:00','Boston','Back Bay',1,1,1,205),(356,'2015-07-27 00:00:00','Boston','Back Bay',1,1,1,206),(357,'2015-07-20 00:00:00','Boston','Back Bay',1,1,1,177),(358,'2015-07-13 00:00:00','Boston','Back Bay',1,1,1,169),(359,'2015-07-06 00:00:00','Boston','Back Bay',1,1,1,176),(360,'2015-06-29 00:00:00','Boston','Back Bay',1,1,1,307),(361,'2015-06-22 00:00:00','Boston','Back Bay',1,1,1,171),(362,'2015-06-15 00:00:00','Boston','Back Bay',1,1,1,150),(363,'2015-06-08 00:00:00','Boston','Back Bay',1,1,1,138),(364,'2015-06-01 00:00:00','Boston','Back Bay',1,1,1,125),(365,'2016-05-23 00:00:00','Boston','Back Bay',1,1,2,352),(366,'2016-05-16 00:00:00','Boston','Back Bay',1,1,2,328),(367,'2016-05-09 00:00:00','Boston','Back Bay',1,1,2,326),(368,'2016-05-02 00:00:00','Boston','Back Bay',1,1,2,290),(369,'2016-04-25 00:00:00','Boston','Back Bay',1,1,2,288),(370,'2016-04-18 00:00:00','Boston','Back Bay',1,1,2,276),(371,'2016-04-11 00:00:00','Boston','Back Bay',1,1,2,272),(372,'2016-04-04 00:00:00','Boston','Back Bay',1,1,2,269),(373,'2016-03-28 00:00:00','Boston','Back Bay',1,1,2,260),(374,'2016-03-21 00:00:00','Boston','Back Bay',1,1,2,266),(375,'2016-03-14 00:00:00','Boston','Back Bay',1,1,2,263),(376,'2016-03-07 00:00:00','Boston','Back Bay',1,1,2,255),(377,'2016-02-29 00:00:00','Boston','Back Bay',1,1,2,240),(378,'2016-02-22 00:00:00','Boston','Back Bay',1,1,2,227),(379,'2016-02-15 00:00:00','Boston','Back Bay',1,1,2,211),(380,'2016-02-08 00:00:00','Boston','Back Bay',1,1,2,216),(381,'2016-02-01 00:00:00','Boston','Back Bay',1,1,2,215),(382,'2016-01-25 00:00:00','Boston','Back Bay',1,1,2,210),(383,'2016-01-18 00:00:00','Boston','Back Bay',1,1,2,209),(384,'2016-01-11 00:00:00','Boston','Back Bay',1,1,2,210),(385,'2016-01-04 00:00:00','Boston','Back Bay',1,1,2,216),(386,'2015-12-28 00:00:00','Boston','Back Bay',1,1,2,210),(387,'2015-12-21 00:00:00','Boston','Back Bay',1,1,2,217),(388,'2015-12-14 00:00:00','Boston','Back Bay',1,1,2,215),(389,'2015-12-07 00:00:00','Boston','Back Bay',1,1,2,210),(390,'2015-11-30 00:00:00','Boston','Back Bay',1,1,2,217),(391,'2015-11-23 00:00:00','Boston','Back Bay',1,1,2,211),(392,'2015-11-16 00:00:00','Boston','Back Bay',1,1,2,213),(393,'2015-11-09 00:00:00','Boston','Back Bay',1,1,2,208),(394,'2015-11-02 00:00:00','Boston','Back Bay',1,1,2,212),(395,'2015-10-26 00:00:00','Boston','Back Bay',1,1,2,226),(396,'2015-10-19 00:00:00','Boston','Back Bay',1,1,2,236),(397,'2015-10-12 00:00:00','Boston','Back Bay',1,1,2,248),(398,'2015-10-05 00:00:00','Boston','Back Bay',1,1,2,254),(399,'2015-09-28 00:00:00','Boston','Back Bay',1,1,2,261),(400,'2015-09-21 00:00:00','Boston','Back Bay',1,1,2,279),(401,'2015-09-14 00:00:00','Boston','Back Bay',1,1,2,288),(402,'2015-09-07 00:00:00','Boston','Back Bay',1,1,2,307),(403,'2015-08-31 00:00:00','Boston','Back Bay',1,1,2,317),(404,'2015-08-24 00:00:00','Boston','Back Bay',1,1,2,322),(405,'2015-08-17 00:00:00','Boston','Back Bay',1,1,2,344),(406,'2015-08-10 00:00:00','Boston','Back Bay',1,1,2,355),(407,'2015-08-03 00:00:00','Boston','Back Bay',1,1,2,390),(408,'2015-07-27 00:00:00','Boston','Back Bay',1,1,2,420),(409,'2015-07-20 00:00:00','Boston','Back Bay',1,1,2,421),(410,'2015-07-13 00:00:00','Boston','Back Bay',1,1,2,425),(411,'2015-07-06 00:00:00','Boston','Back Bay',1,1,2,426),(412,'2015-06-29 00:00:00','Boston','Back Bay',1,1,2,624),(413,'2015-06-22 00:00:00','Boston','Back Bay',1,1,2,390),(414,'2015-06-15 00:00:00','Boston','Back Bay',1,1,2,373),(415,'2015-06-08 00:00:00','Boston','Back Bay',1,1,2,365),(416,'2015-06-01 00:00:00','Boston','Back Bay',1,1,2,358),(417,'2016-05-23 00:00:00','Boston','Back Bay',1,2,1,258),(418,'2016-05-16 00:00:00','Boston','Back Bay',1,2,1,191),(419,'2016-05-09 00:00:00','Boston','Back Bay',1,2,1,131),(420,'2016-05-02 00:00:00','Boston','Back Bay',1,2,1,99),(421,'2016-04-25 00:00:00','Boston','Back Bay',1,2,1,0),(422,'2016-04-18 00:00:00','Boston','Back Bay',1,2,1,0),(423,'2016-04-11 00:00:00','Boston','Back Bay',1,2,1,0),(424,'2016-04-04 00:00:00','Boston','Back Bay',1,2,1,0),(425,'2016-03-28 00:00:00','Boston','Back Bay',1,2,1,0),(426,'2016-03-21 00:00:00','Boston','Back Bay',1,2,1,0),(427,'2016-03-14 00:00:00','Boston','Back Bay',1,2,1,0),(428,'2016-03-07 00:00:00','Boston','Back Bay',1,2,1,0),(429,'2016-02-29 00:00:00','Boston','Back Bay',1,2,1,0),(430,'2016-02-22 00:00:00','Boston','Back Bay',1,2,1,0),(431,'2016-02-15 00:00:00','Boston','Back Bay',1,2,1,0),(432,'2016-02-08 00:00:00','Boston','Back Bay',1,2,1,0),(433,'2016-02-01 00:00:00','Boston','Back Bay',1,2,1,0),(434,'2016-01-25 00:00:00','Boston','Back Bay',1,2,1,0),(435,'2016-01-18 00:00:00','Boston','Back Bay',1,2,1,0),(436,'2016-01-11 00:00:00','Boston','Back Bay',1,2,1,0),(437,'2016-01-04 00:00:00','Boston','Back Bay',1,2,1,0),(438,'2015-12-28 00:00:00','Boston','Back Bay',1,2,1,0),(439,'2015-12-21 00:00:00','Boston','Back Bay',1,2,1,0),(440,'2015-12-14 00:00:00','Boston','Back Bay',1,2,1,0),(441,'2015-12-07 00:00:00','Boston','Back Bay',1,2,1,0),(442,'2015-11-30 00:00:00','Boston','Back Bay',1,2,1,0),(443,'2015-11-23 00:00:00','Boston','Back Bay',1,2,1,0),(444,'2015-11-16 00:00:00','Boston','Back Bay',1,2,1,0),(445,'2015-11-09 00:00:00','Boston','Back Bay',1,2,1,0),(446,'2015-11-02 00:00:00','Boston','Back Bay',1,2,1,0),(447,'2015-10-26 00:00:00','Boston','Back Bay',1,2,1,0),(448,'2015-10-19 00:00:00','Boston','Back Bay',1,2,1,0),(449,'2015-10-12 00:00:00','Boston','Back Bay',1,2,1,0),(450,'2015-10-05 00:00:00','Boston','Back Bay',1,2,1,0),(451,'2015-09-28 00:00:00','Boston','Back Bay',1,2,1,0),(452,'2015-09-21 00:00:00','Boston','Back Bay',1,2,1,0),(453,'2015-09-14 00:00:00','Boston','Back Bay',1,2,1,97),(454,'2015-09-07 00:00:00','Boston','Back Bay',1,2,1,119),(455,'2015-08-31 00:00:00','Boston','Back Bay',1,2,1,276),(456,'2015-08-24 00:00:00','Boston','Back Bay',1,2,1,458),(457,'2015-08-17 00:00:00','Boston','Back Bay',1,2,1,513),(458,'2015-08-10 00:00:00','Boston','Back Bay',1,2,1,556),(459,'2015-08-03 00:00:00','Boston','Back Bay',1,2,1,549),(460,'2015-07-27 00:00:00','Boston','Back Bay',1,2,1,554),(461,'2015-07-20 00:00:00','Boston','Back Bay',1,2,1,459),(462,'2015-07-13 00:00:00','Boston','Back Bay',1,2,1,447),(463,'2015-07-06 00:00:00','Boston','Back Bay',1,2,1,463),(464,'2015-06-29 00:00:00','Boston','Back Bay',1,2,1,827),(465,'2015-06-22 00:00:00','Boston','Back Bay',1,2,1,462),(466,'2015-06-15 00:00:00','Boston','Back Bay',1,2,1,389),(467,'2015-06-08 00:00:00','Boston','Back Bay',1,2,1,373),(468,'2015-06-01 00:00:00','Boston','Back Bay',1,2,1,329),(469,'2016-05-23 00:00:00','Boston','Back Bay',1,2,2,271),(470,'2016-05-16 00:00:00','Boston','Back Bay',1,2,2,245),(471,'2016-05-09 00:00:00','Boston','Back Bay',1,2,2,246),(472,'2016-05-02 00:00:00','Boston','Back Bay',1,2,2,222),(473,'2016-04-25 00:00:00','Boston','Back Bay',1,2,2,213),(474,'2016-04-18 00:00:00','Boston','Back Bay',1,2,2,208),(475,'2016-04-11 00:00:00','Boston','Back Bay',1,2,2,207),(476,'2016-04-04 00:00:00','Boston','Back Bay',1,2,2,202),(477,'2016-03-28 00:00:00','Boston','Back Bay',1,2,2,202),(478,'2016-03-21 00:00:00','Boston','Back Bay',1,2,2,194),(479,'2016-03-14 00:00:00','Boston','Back Bay',1,2,2,198),(480,'2016-03-07 00:00:00','Boston','Back Bay',1,2,2,191),(481,'2016-02-29 00:00:00','Boston','Back Bay',1,2,2,187),(482,'2016-02-22 00:00:00','Boston','Back Bay',1,2,2,168),(483,'2016-02-15 00:00:00','Boston','Back Bay',1,2,2,160),(484,'2016-02-08 00:00:00','Boston','Back Bay',1,2,2,157),(485,'2016-02-01 00:00:00','Boston','Back Bay',1,2,2,160),(486,'2016-01-25 00:00:00','Boston','Back Bay',1,2,2,160),(487,'2016-01-18 00:00:00','Boston','Back Bay',1,2,2,161),(488,'2016-01-11 00:00:00','Boston','Back Bay',1,2,2,165),(489,'2016-01-04 00:00:00','Boston','Back Bay',1,2,2,162),(490,'2015-12-28 00:00:00','Boston','Back Bay',1,2,2,158),(491,'2015-12-21 00:00:00','Boston','Back Bay',1,2,2,166),(492,'2015-12-14 00:00:00','Boston','Back Bay',1,2,2,164),(493,'2015-12-07 00:00:00','Boston','Back Bay',1,2,2,158),(494,'2015-11-30 00:00:00','Boston','Back Bay',1,2,2,165),(495,'2015-11-23 00:00:00','Boston','Back Bay',1,2,2,163),(496,'2015-11-16 00:00:00','Boston','Back Bay',1,2,2,164),(497,'2015-11-09 00:00:00','Boston','Back Bay',1,2,2,159),(498,'2015-11-02 00:00:00','Boston','Back Bay',1,2,2,160),(499,'2015-10-26 00:00:00','Boston','Back Bay',1,2,2,167),(500,'2015-10-19 00:00:00','Boston','Back Bay',1,2,2,173),(501,'2015-10-12 00:00:00','Boston','Back Bay',1,2,2,182),(502,'2015-10-05 00:00:00','Boston','Back Bay',1,2,2,185),(503,'2015-09-28 00:00:00','Boston','Back Bay',1,2,2,198),(504,'2015-09-21 00:00:00','Boston','Back Bay',1,2,2,211),(505,'2015-09-14 00:00:00','Boston','Back Bay',1,2,2,225),(506,'2015-09-07 00:00:00','Boston','Back Bay',1,2,2,227),(507,'2015-08-31 00:00:00','Boston','Back Bay',1,2,2,232),(508,'2015-08-24 00:00:00','Boston','Back Bay',1,2,2,248),(509,'2015-08-17 00:00:00','Boston','Back Bay',1,2,2,258),(510,'2015-08-10 00:00:00','Boston','Back Bay',1,2,2,267),(511,'2015-08-03 00:00:00','Boston','Back Bay',1,2,2,291),(512,'2015-07-27 00:00:00','Boston','Back Bay',1,2,2,316),(513,'2015-07-20 00:00:00','Boston','Back Bay',1,2,2,321),(514,'2015-07-13 00:00:00','Boston','Back Bay',1,2,2,318),(515,'2015-07-06 00:00:00','Boston','Back Bay',1,2,2,314),(516,'2015-06-29 00:00:00','Boston','Back Bay',1,2,2,474),(517,'2015-06-22 00:00:00','Boston','Back Bay',1,2,2,292),(518,'2015-06-15 00:00:00','Boston','Back Bay',1,2,2,285),(519,'2015-06-08 00:00:00','Boston','Back Bay',1,2,2,273),(520,'2015-06-01 00:00:00','Boston','Back Bay',1,2,2,271),(521,'2016-05-23 00:00:00','Boston','Back Bay',1,3,1,164),(522,'2016-05-16 00:00:00','Boston','Back Bay',1,3,1,118),(523,'2016-05-09 00:00:00','Boston','Back Bay',1,3,1,84),(524,'2016-05-02 00:00:00','Boston','Back Bay',1,3,1,59),(525,'2016-04-25 00:00:00','Boston','Back Bay',1,3,1,0),(526,'2016-04-18 00:00:00','Boston','Back Bay',1,3,1,0),(527,'2016-04-11 00:00:00','Boston','Back Bay',1,3,1,0),(528,'2016-04-04 00:00:00','Boston','Back Bay',1,3,1,0),(529,'2016-03-28 00:00:00','Boston','Back Bay',1,3,1,0),(530,'2016-03-21 00:00:00','Boston','Back Bay',1,3,1,0),(531,'2016-03-14 00:00:00','Boston','Back Bay',1,3,1,0),(532,'2016-03-07 00:00:00','Boston','Back Bay',1,3,1,0),(533,'2016-02-29 00:00:00','Boston','Back Bay',1,3,1,0),(534,'2016-02-22 00:00:00','Boston','Back Bay',1,3,1,0),(535,'2016-02-15 00:00:00','Boston','Back Bay',1,3,1,0),(536,'2016-02-08 00:00:00','Boston','Back Bay',1,3,1,0),(537,'2016-02-01 00:00:00','Boston','Back Bay',1,3,1,0),(538,'2016-01-25 00:00:00','Boston','Back Bay',1,3,1,0),(539,'2016-01-18 00:00:00','Boston','Back Bay',1,3,1,0),(540,'2016-01-11 00:00:00','Boston','Back Bay',1,3,1,0),(541,'2016-01-04 00:00:00','Boston','Back Bay',1,3,1,0),(542,'2015-12-28 00:00:00','Boston','Back Bay',1,3,1,0),(543,'2015-12-21 00:00:00','Boston','Back Bay',1,3,1,0),(544,'2015-12-14 00:00:00','Boston','Back Bay',1,3,1,0),(545,'2015-12-07 00:00:00','Boston','Back Bay',1,3,1,0),(546,'2015-11-30 00:00:00','Boston','Back Bay',1,3,1,0),(547,'2015-11-23 00:00:00','Boston','Back Bay',1,3,1,0),(548,'2015-11-16 00:00:00','Boston','Back Bay',1,3,1,0),(549,'2015-11-09 00:00:00','Boston','Back Bay',1,3,1,0),(550,'2015-11-02 00:00:00','Boston','Back Bay',1,3,1,0),(551,'2015-10-26 00:00:00','Boston','Back Bay',1,3,1,0),(552,'2015-10-19 00:00:00','Boston','Back Bay',1,3,1,0),(553,'2015-10-12 00:00:00','Boston','Back Bay',1,3,1,0),(554,'2015-10-05 00:00:00','Boston','Back Bay',1,3,1,0),(555,'2015-09-28 00:00:00','Boston','Back Bay',1,3,1,0),(556,'2015-09-21 00:00:00','Boston','Back Bay',1,3,1,0),(557,'2015-09-14 00:00:00','Boston','Back Bay',1,3,1,62),(558,'2015-09-07 00:00:00','Boston','Back Bay',1,3,1,75),(559,'2015-08-31 00:00:00','Boston','Back Bay',1,3,1,179),(560,'2015-08-24 00:00:00','Boston','Back Bay',1,3,1,292),(561,'2015-08-17 00:00:00','Boston','Back Bay',1,3,1,324),(562,'2015-08-10 00:00:00','Boston','Back Bay',1,3,1,351),(563,'2015-08-03 00:00:00','Boston','Back Bay',1,3,1,347),(564,'2015-07-27 00:00:00','Boston','Back Bay',1,3,1,345),(565,'2015-07-20 00:00:00','Boston','Back Bay',1,3,1,291),(566,'2015-07-13 00:00:00','Boston','Back Bay',1,3,1,280),(567,'2015-07-06 00:00:00','Boston','Back Bay',1,3,1,294),(568,'2015-06-29 00:00:00','Boston','Back Bay',1,3,1,526),(569,'2015-06-22 00:00:00','Boston','Back Bay',1,3,1,289),(570,'2015-06-15 00:00:00','Boston','Back Bay',1,3,1,245),(571,'2015-06-08 00:00:00','Boston','Back Bay',1,3,1,236),(572,'2015-06-01 00:00:00','Boston','Back Bay',1,3,1,213),(573,'2016-05-23 00:00:00','Boston','Back Bay',1,3,2,327),(574,'2016-05-16 00:00:00','Boston','Back Bay',1,3,2,305),(575,'2016-05-09 00:00:00','Boston','Back Bay',1,3,2,299),(576,'2016-05-02 00:00:00','Boston','Back Bay',1,3,2,275),(577,'2016-04-25 00:00:00','Boston','Back Bay',1,3,2,267),(578,'2016-04-18 00:00:00','Boston','Back Bay',1,3,2,257),(579,'2016-04-11 00:00:00','Boston','Back Bay',1,3,2,250),(580,'2016-04-04 00:00:00','Boston','Back Bay',1,3,2,250),(581,'2016-03-28 00:00:00','Boston','Back Bay',1,3,2,245),(582,'2016-03-21 00:00:00','Boston','Back Bay',1,3,2,246),(583,'2016-03-14 00:00:00','Boston','Back Bay',1,3,2,240),(584,'2016-03-07 00:00:00','Boston','Back Bay',1,3,2,236),(585,'2016-02-29 00:00:00','Boston','Back Bay',1,3,2,227),(586,'2016-02-22 00:00:00','Boston','Back Bay',1,3,2,212),(587,'2016-02-15 00:00:00','Boston','Back Bay',1,3,2,193),(588,'2016-02-08 00:00:00','Boston','Back Bay',1,3,2,201),(589,'2016-02-01 00:00:00','Boston','Back Bay',1,3,2,194),(590,'2016-01-25 00:00:00','Boston','Back Bay',1,3,2,203),(591,'2016-01-18 00:00:00','Boston','Back Bay',1,3,2,202),(592,'2016-01-11 00:00:00','Boston','Back Bay',1,3,2,193),(593,'2016-01-04 00:00:00','Boston','Back Bay',1,3,2,202),(594,'2015-12-28 00:00:00','Boston','Back Bay',1,3,2,196),(595,'2015-12-21 00:00:00','Boston','Back Bay',1,3,2,194),(596,'2015-12-14 00:00:00','Boston','Back Bay',1,3,2,199),(597,'2015-12-07 00:00:00','Boston','Back Bay',1,3,2,200),(598,'2015-11-30 00:00:00','Boston','Back Bay',1,3,2,200),(599,'2015-11-23 00:00:00','Boston','Back Bay',1,3,2,202),(600,'2015-11-16 00:00:00','Boston','Back Bay',1,3,2,202),(601,'2015-11-09 00:00:00','Boston','Back Bay',1,3,2,197),(602,'2015-11-02 00:00:00','Boston','Back Bay',1,3,2,194),(603,'2015-10-26 00:00:00','Boston','Back Bay',1,3,2,206),(604,'2015-10-19 00:00:00','Boston','Back Bay',1,3,2,216),(605,'2015-10-12 00:00:00','Boston','Back Bay',1,3,2,222),(606,'2015-10-05 00:00:00','Boston','Back Bay',1,3,2,229),(607,'2015-09-28 00:00:00','Boston','Back Bay',1,3,2,248),(608,'2015-09-21 00:00:00','Boston','Back Bay',1,3,2,260),(609,'2015-09-14 00:00:00','Boston','Back Bay',1,3,2,274),(610,'2015-09-07 00:00:00','Boston','Back Bay',1,3,2,289),(611,'2015-08-31 00:00:00','Boston','Back Bay',1,3,2,290),(612,'2015-08-24 00:00:00','Boston','Back Bay',1,3,2,304),(613,'2015-08-17 00:00:00','Boston','Back Bay',1,3,2,323),(614,'2015-08-10 00:00:00','Boston','Back Bay',1,3,2,336),(615,'2015-08-03 00:00:00','Boston','Back Bay',1,3,2,367),(616,'2015-07-27 00:00:00','Boston','Back Bay',1,3,2,395),(617,'2015-07-20 00:00:00','Boston','Back Bay',1,3,2,394),(618,'2015-07-13 00:00:00','Boston','Back Bay',1,3,2,391),(619,'2015-07-06 00:00:00','Boston','Back Bay',1,3,2,390),(620,'2015-06-29 00:00:00','Boston','Back Bay',1,3,2,587),(621,'2015-06-22 00:00:00','Boston','Back Bay',1,3,2,367),(622,'2015-06-15 00:00:00','Boston','Back Bay',1,3,2,352),(623,'2015-06-08 00:00:00','Boston','Back Bay',1,3,2,334),(624,'2015-06-01 00:00:00','Boston','Back Bay',1,3,2,331),(625,'2016-05-23 00:00:00','Boston','Charlestown',1,1,1,104),(626,'2016-05-16 00:00:00','Boston','Charlestown',1,1,1,71),(627,'2016-05-09 00:00:00','Boston','Charlestown',1,1,1,58),(628,'2016-05-02 00:00:00','Boston','Charlestown',1,1,1,37),(629,'2016-04-25 00:00:00','Boston','Charlestown',1,1,1,0),(630,'2016-04-18 00:00:00','Boston','Charlestown',1,1,1,0),(631,'2016-04-11 00:00:00','Boston','Charlestown',1,1,1,0),(632,'2016-04-04 00:00:00','Boston','Charlestown',1,1,1,0),(633,'2016-03-28 00:00:00','Boston','Charlestown',1,1,1,0),(634,'2016-03-21 00:00:00','Boston','Charlestown',1,1,1,0),(635,'2016-03-14 00:00:00','Boston','Charlestown',1,1,1,0),(636,'2016-03-07 00:00:00','Boston','Charlestown',1,1,1,0),(637,'2016-02-29 00:00:00','Boston','Charlestown',1,1,1,0),(638,'2016-02-22 00:00:00','Boston','Charlestown',1,1,1,0),(639,'2016-02-15 00:00:00','Boston','Charlestown',1,1,1,0),(640,'2016-02-08 00:00:00','Boston','Charlestown',1,1,1,0),(641,'2016-02-01 00:00:00','Boston','Charlestown',1,1,1,0),(642,'2016-01-25 00:00:00','Boston','Charlestown',1,1,1,0),(643,'2016-01-18 00:00:00','Boston','Charlestown',1,1,1,0),(644,'2016-01-11 00:00:00','Boston','Charlestown',1,1,1,0),(645,'2016-01-04 00:00:00','Boston','Charlestown',1,1,1,0),(646,'2015-12-28 00:00:00','Boston','Charlestown',1,1,1,0),(647,'2015-12-21 00:00:00','Boston','Charlestown',1,1,1,0),(648,'2015-12-14 00:00:00','Boston','Charlestown',1,1,1,0),(649,'2015-12-07 00:00:00','Boston','Charlestown',1,1,1,0),(650,'2015-11-30 00:00:00','Boston','Charlestown',1,1,1,0),(651,'2015-11-23 00:00:00','Boston','Charlestown',1,1,1,0),(652,'2015-11-16 00:00:00','Boston','Charlestown',1,1,1,0),(653,'2015-11-09 00:00:00','Boston','Charlestown',1,1,1,0),(654,'2015-11-02 00:00:00','Boston','Charlestown',1,1,1,0),(655,'2015-10-26 00:00:00','Boston','Charlestown',1,1,1,0),(656,'2015-10-19 00:00:00','Boston','Charlestown',1,1,1,0),(657,'2015-10-12 00:00:00','Boston','Charlestown',1,1,1,0),(658,'2015-10-05 00:00:00','Boston','Charlestown',1,1,1,0),(659,'2015-09-28 00:00:00','Boston','Charlestown',1,1,1,0),(660,'2015-09-21 00:00:00','Boston','Charlestown',1,1,1,0),(661,'2015-09-14 00:00:00','Boston','Charlestown',1,1,1,40),(662,'2015-09-07 00:00:00','Boston','Charlestown',1,1,1,42),(663,'2015-08-31 00:00:00','Boston','Charlestown',1,1,1,107),(664,'2015-08-24 00:00:00','Boston','Charlestown',1,1,1,178),(665,'2015-08-17 00:00:00','Boston','Charlestown',1,1,1,199),(666,'2015-08-10 00:00:00','Boston','Charlestown',1,1,1,206),(667,'2015-08-03 00:00:00','Boston','Charlestown',1,1,1,209),(668,'2015-07-27 00:00:00','Boston','Charlestown',1,1,1,212),(669,'2015-07-20 00:00:00','Boston','Charlestown',1,1,1,172),(670,'2015-07-13 00:00:00','Boston','Charlestown',1,1,1,170),(671,'2015-07-06 00:00:00','Boston','Charlestown',1,1,1,171),(672,'2015-06-29 00:00:00','Boston','Charlestown',1,1,1,313),(673,'2015-06-22 00:00:00','Boston','Charlestown',1,1,1,177),(674,'2015-06-15 00:00:00','Boston','Charlestown',1,1,1,152),(675,'2015-06-08 00:00:00','Boston','Charlestown',1,1,1,137),(676,'2015-06-01 00:00:00','Boston','Charlestown',1,1,1,127),(677,'2016-05-23 00:00:00','Boston','Charlestown',1,1,2,349),(678,'2016-05-16 00:00:00','Boston','Charlestown',1,1,2,330),(679,'2016-05-09 00:00:00','Boston','Charlestown',1,1,2,329),(680,'2016-05-02 00:00:00','Boston','Charlestown',1,1,2,290),(681,'2016-04-25 00:00:00','Boston','Charlestown',1,1,2,288),(682,'2016-04-18 00:00:00','Boston','Charlestown',1,1,2,281),(683,'2016-04-11 00:00:00','Boston','Charlestown',1,1,2,267),(684,'2016-04-04 00:00:00','Boston','Charlestown',1,1,2,264),(685,'2016-03-28 00:00:00','Boston','Charlestown',1,1,2,267),(686,'2016-03-21 00:00:00','Boston','Charlestown',1,1,2,257),(687,'2016-03-14 00:00:00','Boston','Charlestown',1,1,2,256),(688,'2016-03-07 00:00:00','Boston','Charlestown',1,1,2,261),(689,'2016-02-29 00:00:00','Boston','Charlestown',1,1,2,248),(690,'2016-02-22 00:00:00','Boston','Charlestown',1,1,2,221),(691,'2016-02-15 00:00:00','Boston','Charlestown',1,1,2,212),(692,'2016-02-08 00:00:00','Boston','Charlestown',1,1,2,212),(693,'2016-02-01 00:00:00','Boston','Charlestown',1,1,2,216),(694,'2016-01-25 00:00:00','Boston','Charlestown',1,1,2,214),(695,'2016-01-18 00:00:00','Boston','Charlestown',1,1,2,208),(696,'2016-01-11 00:00:00','Boston','Charlestown',1,1,2,214),(697,'2016-01-04 00:00:00','Boston','Charlestown',1,1,2,215),(698,'2015-12-28 00:00:00','Boston','Charlestown',1,1,2,213),(699,'2015-12-21 00:00:00','Boston','Charlestown',1,1,2,211),(700,'2015-12-14 00:00:00','Boston','Charlestown',1,1,2,210),(701,'2015-12-07 00:00:00','Boston','Charlestown',1,1,2,216),(702,'2015-11-30 00:00:00','Boston','Charlestown',1,1,2,217),(703,'2015-11-23 00:00:00','Boston','Charlestown',1,1,2,215),(704,'2015-11-16 00:00:00','Boston','Charlestown',1,1,2,210),(705,'2015-11-09 00:00:00','Boston','Charlestown',1,1,2,217),(706,'2015-11-02 00:00:00','Boston','Charlestown',1,1,2,214),(707,'2015-10-26 00:00:00','Boston','Charlestown',1,1,2,220),(708,'2015-10-19 00:00:00','Boston','Charlestown',1,1,2,230),(709,'2015-10-12 00:00:00','Boston','Charlestown',1,1,2,247),(710,'2015-10-05 00:00:00','Boston','Charlestown',1,1,2,248),(711,'2015-09-28 00:00:00','Boston','Charlestown',1,1,2,264),(712,'2015-09-21 00:00:00','Boston','Charlestown',1,1,2,282),(713,'2015-09-14 00:00:00','Boston','Charlestown',1,1,2,295),(714,'2015-09-07 00:00:00','Boston','Charlestown',1,1,2,305),(715,'2015-08-31 00:00:00','Boston','Charlestown',1,1,2,318),(716,'2015-08-24 00:00:00','Boston','Charlestown',1,1,2,324),(717,'2015-08-17 00:00:00','Boston','Charlestown',1,1,2,349),(718,'2015-08-10 00:00:00','Boston','Charlestown',1,1,2,359),(719,'2015-08-03 00:00:00','Boston','Charlestown',1,1,2,394),(720,'2015-07-27 00:00:00','Boston','Charlestown',1,1,2,417),(721,'2015-07-20 00:00:00','Boston','Charlestown',1,1,2,424),(722,'2015-07-13 00:00:00','Boston','Charlestown',1,1,2,418),(723,'2015-07-06 00:00:00','Boston','Charlestown',1,1,2,419),(724,'2015-06-29 00:00:00','Boston','Charlestown',1,1,2,629),(725,'2015-06-22 00:00:00','Boston','Charlestown',1,1,2,395),(726,'2015-06-15 00:00:00','Boston','Charlestown',1,1,2,377),(727,'2015-06-08 00:00:00','Boston','Charlestown',1,1,2,364),(728,'2015-06-01 00:00:00','Boston','Charlestown',1,1,2,361),(729,'2016-05-23 00:00:00','Boston','Charlestown',1,2,1,261),(730,'2016-05-16 00:00:00','Boston','Charlestown',1,2,1,184),(731,'2016-05-09 00:00:00','Boston','Charlestown',1,2,1,131),(732,'2016-05-02 00:00:00','Boston','Charlestown',1,2,1,98),(733,'2016-04-25 00:00:00','Boston','Charlestown',1,2,1,0),(734,'2016-04-18 00:00:00','Boston','Charlestown',1,2,1,0),(735,'2016-04-11 00:00:00','Boston','Charlestown',1,2,1,0),(736,'2016-04-04 00:00:00','Boston','Charlestown',1,2,1,0),(737,'2016-03-28 00:00:00','Boston','Charlestown',1,2,1,0),(738,'2016-03-21 00:00:00','Boston','Charlestown',1,2,1,0),(739,'2016-03-14 00:00:00','Boston','Charlestown',1,2,1,0),(740,'2016-03-07 00:00:00','Boston','Charlestown',1,2,1,0),(741,'2016-02-29 00:00:00','Boston','Charlestown',1,2,1,0),(742,'2016-02-22 00:00:00','Boston','Charlestown',1,2,1,0),(743,'2016-02-15 00:00:00','Boston','Charlestown',1,2,1,0),(744,'2016-02-08 00:00:00','Boston','Charlestown',1,2,1,0),(745,'2016-02-01 00:00:00','Boston','Charlestown',1,2,1,0),(746,'2016-01-25 00:00:00','Boston','Charlestown',1,2,1,0),(747,'2016-01-18 00:00:00','Boston','Charlestown',1,2,1,0),(748,'2016-01-11 00:00:00','Boston','Charlestown',1,2,1,0),(749,'2016-01-04 00:00:00','Boston','Charlestown',1,2,1,0),(750,'2015-12-28 00:00:00','Boston','Charlestown',1,2,1,0),(751,'2015-12-21 00:00:00','Boston','Charlestown',1,2,1,0),(752,'2015-12-14 00:00:00','Boston','Charlestown',1,2,1,0),(753,'2015-12-07 00:00:00','Boston','Charlestown',1,2,1,0),(754,'2015-11-30 00:00:00','Boston','Charlestown',1,2,1,0),(755,'2015-11-23 00:00:00','Boston','Charlestown',1,2,1,0),(756,'2015-11-16 00:00:00','Boston','Charlestown',1,2,1,0),(757,'2015-11-09 00:00:00','Boston','Charlestown',1,2,1,0),(758,'2015-11-02 00:00:00','Boston','Charlestown',1,2,1,0),(759,'2015-10-26 00:00:00','Boston','Charlestown',1,2,1,0),(760,'2015-10-19 00:00:00','Boston','Charlestown',1,2,1,0),(761,'2015-10-12 00:00:00','Boston','Charlestown',1,2,1,0),(762,'2015-10-05 00:00:00','Boston','Charlestown',1,2,1,0),(763,'2015-09-28 00:00:00','Boston','Charlestown',1,2,1,0),(764,'2015-09-21 00:00:00','Boston','Charlestown',1,2,1,0),(765,'2015-09-14 00:00:00','Boston','Charlestown',1,2,1,97),(766,'2015-09-07 00:00:00','Boston','Charlestown',1,2,1,115),(767,'2015-08-31 00:00:00','Boston','Charlestown',1,2,1,283),(768,'2015-08-24 00:00:00','Boston','Charlestown',1,2,1,458),(769,'2015-08-17 00:00:00','Boston','Charlestown',1,2,1,517),(770,'2015-08-10 00:00:00','Boston','Charlestown',1,2,1,555),(771,'2015-08-03 00:00:00','Boston','Charlestown',1,2,1,546),(772,'2015-07-27 00:00:00','Boston','Charlestown',1,2,1,548),(773,'2015-07-20 00:00:00','Boston','Charlestown',1,2,1,456),(774,'2015-07-13 00:00:00','Boston','Charlestown',1,2,1,439),(775,'2015-07-06 00:00:00','Boston','Charlestown',1,2,1,457),(776,'2015-06-29 00:00:00','Boston','Charlestown',1,2,1,826),(777,'2015-06-22 00:00:00','Boston','Charlestown',1,2,1,462),(778,'2015-06-15 00:00:00','Boston','Charlestown',1,2,1,383),(779,'2015-06-08 00:00:00','Boston','Charlestown',1,2,1,372),(780,'2015-06-01 00:00:00','Boston','Charlestown',1,2,1,331),(781,'2016-05-23 00:00:00','Boston','Charlestown',1,2,2,263),(782,'2016-05-16 00:00:00','Boston','Charlestown',1,2,2,250),(783,'2016-05-09 00:00:00','Boston','Charlestown',1,2,2,246),(784,'2016-05-02 00:00:00','Boston','Charlestown',1,2,2,215),(785,'2016-04-25 00:00:00','Boston','Charlestown',1,2,2,219),(786,'2016-04-18 00:00:00','Boston','Charlestown',1,2,2,213),(787,'2016-04-11 00:00:00','Boston','Charlestown',1,2,2,210),(788,'2016-04-04 00:00:00','Boston','Charlestown',1,2,2,196),(789,'2016-03-28 00:00:00','Boston','Charlestown',1,2,2,196),(790,'2016-03-21 00:00:00','Boston','Charlestown',1,2,2,197),(791,'2016-03-14 00:00:00','Boston','Charlestown',1,2,2,192),(792,'2016-03-07 00:00:00','Boston','Charlestown',1,2,2,195),(793,'2016-02-29 00:00:00','Boston','Charlestown',1,2,2,187),(794,'2016-02-22 00:00:00','Boston','Charlestown',1,2,2,169),(795,'2016-02-15 00:00:00','Boston','Charlestown',1,2,2,165),(796,'2016-02-08 00:00:00','Boston','Charlestown',1,2,2,162),(797,'2016-02-01 00:00:00','Boston','Charlestown',1,2,2,164),(798,'2016-01-25 00:00:00','Boston','Charlestown',1,2,2,163),(799,'2016-01-18 00:00:00','Boston','Charlestown',1,2,2,161),(800,'2016-01-11 00:00:00','Boston','Charlestown',1,2,2,157),(801,'2016-01-04 00:00:00','Boston','Charlestown',1,2,2,163),(802,'2015-12-28 00:00:00','Boston','Charlestown',1,2,2,163),(803,'2015-12-21 00:00:00','Boston','Charlestown',1,2,2,166),(804,'2015-12-14 00:00:00','Boston','Charlestown',1,2,2,161),(805,'2015-12-07 00:00:00','Boston','Charlestown',1,2,2,164),(806,'2015-11-30 00:00:00','Boston','Charlestown',1,2,2,158),(807,'2015-11-23 00:00:00','Boston','Charlestown',1,2,2,163),(808,'2015-11-16 00:00:00','Boston','Charlestown',1,2,2,163),(809,'2015-11-09 00:00:00','Boston','Charlestown',1,2,2,161),(810,'2015-11-02 00:00:00','Boston','Charlestown',1,2,2,166),(811,'2015-10-26 00:00:00','Boston','Charlestown',1,2,2,165),(812,'2015-10-19 00:00:00','Boston','Charlestown',1,2,2,179),(813,'2015-10-12 00:00:00','Boston','Charlestown',1,2,2,180),(814,'2015-10-05 00:00:00','Boston','Charlestown',1,2,2,186),(815,'2015-09-28 00:00:00','Boston','Charlestown',1,2,2,197),(816,'2015-09-21 00:00:00','Boston','Charlestown',1,2,2,216),(817,'2015-09-14 00:00:00','Boston','Charlestown',1,2,2,225),(818,'2015-09-07 00:00:00','Boston','Charlestown',1,2,2,229),(819,'2015-08-31 00:00:00','Boston','Charlestown',1,2,2,232),(820,'2015-08-24 00:00:00','Boston','Charlestown',1,2,2,248),(821,'2015-08-17 00:00:00','Boston','Charlestown',1,2,2,267),(822,'2015-08-10 00:00:00','Boston','Charlestown',1,2,2,268),(823,'2015-08-03 00:00:00','Boston','Charlestown',1,2,2,292),(824,'2015-07-27 00:00:00','Boston','Charlestown',1,2,2,321),(825,'2015-07-20 00:00:00','Boston','Charlestown',1,2,2,322),(826,'2015-07-13 00:00:00','Boston','Charlestown',1,2,2,318),(827,'2015-07-06 00:00:00','Boston','Charlestown',1,2,2,319),(828,'2015-06-29 00:00:00','Boston','Charlestown',1,2,2,474),(829,'2015-06-22 00:00:00','Boston','Charlestown',1,2,2,296),(830,'2015-06-15 00:00:00','Boston','Charlestown',1,2,2,280),(831,'2015-06-08 00:00:00','Boston','Charlestown',1,2,2,276),(832,'2015-06-01 00:00:00','Boston','Charlestown',1,2,2,266),(833,'2016-05-23 00:00:00','Boston','Charlestown',1,3,1,169),(834,'2016-05-16 00:00:00','Boston','Charlestown',1,3,1,125),(835,'2016-05-09 00:00:00','Boston','Charlestown',1,3,1,86),(836,'2016-05-02 00:00:00','Boston','Charlestown',1,3,1,61),(837,'2016-04-25 00:00:00','Boston','Charlestown',1,3,1,0),(838,'2016-04-18 00:00:00','Boston','Charlestown',1,3,1,0),(839,'2016-04-11 00:00:00','Boston','Charlestown',1,3,1,0),(840,'2016-04-04 00:00:00','Boston','Charlestown',1,3,1,0),(841,'2016-03-28 00:00:00','Boston','Charlestown',1,3,1,0),(842,'2016-03-21 00:00:00','Boston','Charlestown',1,3,1,0),(843,'2016-03-14 00:00:00','Boston','Charlestown',1,3,1,0),(844,'2016-03-07 00:00:00','Boston','Charlestown',1,3,1,0),(845,'2016-02-29 00:00:00','Boston','Charlestown',1,3,1,0),(846,'2016-02-22 00:00:00','Boston','Charlestown',1,3,1,0),(847,'2016-02-15 00:00:00','Boston','Charlestown',1,3,1,0),(848,'2016-02-08 00:00:00','Boston','Charlestown',1,3,1,0),(849,'2016-02-01 00:00:00','Boston','Charlestown',1,3,1,0),(850,'2016-01-25 00:00:00','Boston','Charlestown',1,3,1,0),(851,'2016-01-18 00:00:00','Boston','Charlestown',1,3,1,0),(852,'2016-01-11 00:00:00','Boston','Charlestown',1,3,1,0),(853,'2016-01-04 00:00:00','Boston','Charlestown',1,3,1,0),(854,'2015-12-28 00:00:00','Boston','Charlestown',1,3,1,0),(855,'2015-12-21 00:00:00','Boston','Charlestown',1,3,1,0),(856,'2015-12-14 00:00:00','Boston','Charlestown',1,3,1,0),(857,'2015-12-07 00:00:00','Boston','Charlestown',1,3,1,0),(858,'2015-11-30 00:00:00','Boston','Charlestown',1,3,1,0),(859,'2015-11-23 00:00:00','Boston','Charlestown',1,3,1,0),(860,'2015-11-16 00:00:00','Boston','Charlestown',1,3,1,0),(861,'2015-11-09 00:00:00','Boston','Charlestown',1,3,1,0),(862,'2015-11-02 00:00:00','Boston','Charlestown',1,3,1,0),(863,'2015-10-26 00:00:00','Boston','Charlestown',1,3,1,0),(864,'2015-10-19 00:00:00','Boston','Charlestown',1,3,1,0),(865,'2015-10-12 00:00:00','Boston','Charlestown',1,3,1,0),(866,'2015-10-05 00:00:00','Boston','Charlestown',1,3,1,0),(867,'2015-09-28 00:00:00','Boston','Charlestown',1,3,1,0),(868,'2015-09-21 00:00:00','Boston','Charlestown',1,3,1,0),(869,'2015-09-14 00:00:00','Boston','Charlestown',1,3,1,65),(870,'2015-09-07 00:00:00','Boston','Charlestown',1,3,1,70),(871,'2015-08-31 00:00:00','Boston','Charlestown',1,3,1,180),(872,'2015-08-24 00:00:00','Boston','Charlestown',1,3,1,296),(873,'2015-08-17 00:00:00','Boston','Charlestown',1,3,1,331),(874,'2015-08-10 00:00:00','Boston','Charlestown',1,3,1,347),(875,'2015-08-03 00:00:00','Boston','Charlestown',1,3,1,346),(876,'2015-07-27 00:00:00','Boston','Charlestown',1,3,1,346),(877,'2015-07-20 00:00:00','Boston','Charlestown',1,3,1,289),(878,'2015-07-13 00:00:00','Boston','Charlestown',1,3,1,284),(879,'2015-07-06 00:00:00','Boston','Charlestown',1,3,1,298),(880,'2015-06-29 00:00:00','Boston','Charlestown',1,3,1,523),(881,'2015-06-22 00:00:00','Boston','Charlestown',1,3,1,291),(882,'2015-06-15 00:00:00','Boston','Charlestown',1,3,1,246),(883,'2015-06-08 00:00:00','Boston','Charlestown',1,3,1,237),(884,'2015-06-01 00:00:00','Boston','Charlestown',1,3,1,209),(885,'2016-05-23 00:00:00','Boston','Charlestown',1,3,2,329),(886,'2016-05-16 00:00:00','Boston','Charlestown',1,3,2,301),(887,'2016-05-09 00:00:00','Boston','Charlestown',1,3,2,304),(888,'2016-05-02 00:00:00','Boston','Charlestown',1,3,2,267),(889,'2016-04-25 00:00:00','Boston','Charlestown',1,3,2,268),(890,'2016-04-18 00:00:00','Boston','Charlestown',1,3,2,262),(891,'2016-04-11 00:00:00','Boston','Charlestown',1,3,2,251),(892,'2016-04-04 00:00:00','Boston','Charlestown',1,3,2,246),(893,'2016-03-28 00:00:00','Boston','Charlestown',1,3,2,243),(894,'2016-03-21 00:00:00','Boston','Charlestown',1,3,2,239),(895,'2016-03-14 00:00:00','Boston','Charlestown',1,3,2,237),(896,'2016-03-07 00:00:00','Boston','Charlestown',1,3,2,234),(897,'2016-02-29 00:00:00','Boston','Charlestown',1,3,2,231),(898,'2016-02-22 00:00:00','Boston','Charlestown',1,3,2,204),(899,'2016-02-15 00:00:00','Boston','Charlestown',1,3,2,196),(900,'2016-02-08 00:00:00','Boston','Charlestown',1,3,2,201),(901,'2016-02-01 00:00:00','Boston','Charlestown',1,3,2,194),(902,'2016-01-25 00:00:00','Boston','Charlestown',1,3,2,203),(903,'2016-01-18 00:00:00','Boston','Charlestown',1,3,2,202),(904,'2016-01-11 00:00:00','Boston','Charlestown',1,3,2,199),(905,'2016-01-04 00:00:00','Boston','Charlestown',1,3,2,201),(906,'2015-12-28 00:00:00','Boston','Charlestown',1,3,2,194),(907,'2015-12-21 00:00:00','Boston','Charlestown',1,3,2,196),(908,'2015-12-14 00:00:00','Boston','Charlestown',1,3,2,195),(909,'2015-12-07 00:00:00','Boston','Charlestown',1,3,2,195),(910,'2015-11-30 00:00:00','Boston','Charlestown',1,3,2,195),(911,'2015-11-23 00:00:00','Boston','Charlestown',1,3,2,200),(912,'2015-11-16 00:00:00','Boston','Charlestown',1,3,2,199),(913,'2015-11-09 00:00:00','Boston','Charlestown',1,3,2,200),(914,'2015-11-02 00:00:00','Boston','Charlestown',1,3,2,199),(915,'2015-10-26 00:00:00','Boston','Charlestown',1,3,2,204),(916,'2015-10-19 00:00:00','Boston','Charlestown',1,3,2,216),(917,'2015-10-12 00:00:00','Boston','Charlestown',1,3,2,230),(918,'2015-10-05 00:00:00','Boston','Charlestown',1,3,2,233),(919,'2015-09-28 00:00:00','Boston','Charlestown',1,3,2,250),(920,'2015-09-21 00:00:00','Boston','Charlestown',1,3,2,267),(921,'2015-09-14 00:00:00','Boston','Charlestown',1,3,2,273),(922,'2015-09-07 00:00:00','Boston','Charlestown',1,3,2,284),(923,'2015-08-31 00:00:00','Boston','Charlestown',1,3,2,294),(924,'2015-08-24 00:00:00','Boston','Charlestown',1,3,2,297),(925,'2015-08-17 00:00:00','Boston','Charlestown',1,3,2,320),(926,'2015-08-10 00:00:00','Boston','Charlestown',1,3,2,333),(927,'2015-08-03 00:00:00','Boston','Charlestown',1,3,2,358),(928,'2015-07-27 00:00:00','Boston','Charlestown',1,3,2,392),(929,'2015-07-20 00:00:00','Boston','Charlestown',1,3,2,390),(930,'2015-07-13 00:00:00','Boston','Charlestown',1,3,2,387),(931,'2015-07-06 00:00:00','Boston','Charlestown',1,3,2,395),(932,'2015-06-29 00:00:00','Boston','Charlestown',1,3,2,585),(933,'2015-06-22 00:00:00','Boston','Charlestown',1,3,2,367),(934,'2015-06-15 00:00:00','Boston','Charlestown',1,3,2,351),(935,'2015-06-08 00:00:00','Boston','Charlestown',1,3,2,337),(936,'2015-06-01 00:00:00','Boston','Charlestown',1,3,2,333),(937,'2016-05-23 00:00:00','Boston','Downtown',1,1,1,104),(938,'2016-05-16 00:00:00','Boston','Downtown',1,1,1,72),(939,'2016-05-09 00:00:00','Boston','Downtown',1,1,1,51),(940,'2016-05-02 00:00:00','Boston','Downtown',1,1,1,41),(941,'2016-04-25 00:00:00','Boston','Downtown',1,1,1,0),(942,'2016-04-18 00:00:00','Boston','Downtown',1,1,1,0),(943,'2016-04-11 00:00:00','Boston','Downtown',1,1,1,0),(944,'2016-04-04 00:00:00','Boston','Downtown',1,1,1,0),(945,'2016-03-28 00:00:00','Boston','Downtown',1,1,1,0),(946,'2016-03-21 00:00:00','Boston','Downtown',1,1,1,0),(947,'2016-03-14 00:00:00','Boston','Downtown',1,1,1,0),(948,'2016-03-07 00:00:00','Boston','Downtown',1,1,1,0),(949,'2016-02-29 00:00:00','Boston','Downtown',1,1,1,0),(950,'2016-02-22 00:00:00','Boston','Downtown',1,1,1,0),(951,'2016-02-15 00:00:00','Boston','Downtown',1,1,1,0),(952,'2016-02-08 00:00:00','Boston','Downtown',1,1,1,0),(953,'2016-02-01 00:00:00','Boston','Downtown',1,1,1,0),(954,'2016-01-25 00:00:00','Boston','Downtown',1,1,1,0),(955,'2016-01-18 00:00:00','Boston','Downtown',1,1,1,0),(956,'2016-01-11 00:00:00','Boston','Downtown',1,1,1,0),(957,'2016-01-04 00:00:00','Boston','Downtown',1,1,1,0),(958,'2015-12-28 00:00:00','Boston','Downtown',1,1,1,0),(959,'2015-12-21 00:00:00','Boston','Downtown',1,1,1,0),(960,'2015-12-14 00:00:00','Boston','Downtown',1,1,1,0),(961,'2015-12-07 00:00:00','Boston','Downtown',1,1,1,0),(962,'2015-11-30 00:00:00','Boston','Downtown',1,1,1,0),(963,'2015-11-23 00:00:00','Boston','Downtown',1,1,1,0),(964,'2015-11-16 00:00:00','Boston','Downtown',1,1,1,0),(965,'2015-11-09 00:00:00','Boston','Downtown',1,1,1,0),(966,'2015-11-02 00:00:00','Boston','Downtown',1,1,1,0),(967,'2015-10-26 00:00:00','Boston','Downtown',1,1,1,0),(968,'2015-10-19 00:00:00','Boston','Downtown',1,1,1,0),(969,'2015-10-12 00:00:00','Boston','Downtown',1,1,1,0),(970,'2015-10-05 00:00:00','Boston','Downtown',1,1,1,0),(971,'2015-09-28 00:00:00','Boston','Downtown',1,1,1,0),(972,'2015-09-21 00:00:00','Boston','Downtown',1,1,1,0),(973,'2015-09-14 00:00:00','Boston','Downtown',1,1,1,42),(974,'2015-09-07 00:00:00','Boston','Downtown',1,1,1,49),(975,'2015-08-31 00:00:00','Boston','Downtown',1,1,1,104),(976,'2015-08-24 00:00:00','Boston','Downtown',1,1,1,177),(977,'2015-08-17 00:00:00','Boston','Downtown',1,1,1,193),(978,'2015-08-10 00:00:00','Boston','Downtown',1,1,1,210),(979,'2015-08-03 00:00:00','Boston','Downtown',1,1,1,212),(980,'2015-07-27 00:00:00','Boston','Downtown',1,1,1,212),(981,'2015-07-20 00:00:00','Boston','Downtown',1,1,1,173),(982,'2015-07-13 00:00:00','Boston','Downtown',1,1,1,164),(983,'2015-07-06 00:00:00','Boston','Downtown',1,1,1,173),(984,'2015-06-29 00:00:00','Boston','Downtown',1,1,1,313),(985,'2015-06-22 00:00:00','Boston','Downtown',1,1,1,173),(986,'2015-06-15 00:00:00','Boston','Downtown',1,1,1,146),(987,'2015-06-08 00:00:00','Boston','Downtown',1,1,1,139),(988,'2015-06-01 00:00:00','Boston','Downtown',1,1,1,122),(989,'2016-05-23 00:00:00','Boston','Downtown',1,1,2,354),(990,'2016-05-16 00:00:00','Boston','Downtown',1,1,2,331),(991,'2016-05-09 00:00:00','Boston','Downtown',1,1,2,327),(992,'2016-05-02 00:00:00','Boston','Downtown',1,1,2,289),(993,'2016-04-25 00:00:00','Boston','Downtown',1,1,2,291),(994,'2016-04-18 00:00:00','Boston','Downtown',1,1,2,278),(995,'2016-04-11 00:00:00','Boston','Downtown',1,1,2,274),(996,'2016-04-04 00:00:00','Boston','Downtown',1,1,2,261),(997,'2016-03-28 00:00:00','Boston','Downtown',1,1,2,262),(998,'2016-03-21 00:00:00','Boston','Downtown',1,1,2,263),(999,'2016-03-14 00:00:00','Boston','Downtown',1,1,2,256),(1000,'2016-03-07 00:00:00','Boston','Downtown',1,1,2,256),(1001,'2016-02-29 00:00:00','Boston','Downtown',1,1,2,246),(1002,'2016-02-22 00:00:00','Boston','Downtown',1,1,2,222),(1003,'2016-02-15 00:00:00','Boston','Downtown',1,1,2,210),(1004,'2016-02-08 00:00:00','Boston','Downtown',1,1,2,214),(1005,'2016-02-01 00:00:00','Boston','Downtown',1,1,2,208),(1006,'2016-01-25 00:00:00','Boston','Downtown',1,1,2,212),(1007,'2016-01-18 00:00:00','Boston','Downtown',1,1,2,214),(1008,'2016-01-11 00:00:00','Boston','Downtown',1,1,2,215),(1009,'2016-01-04 00:00:00','Boston','Downtown',1,1,2,217),(1010,'2015-12-28 00:00:00','Boston','Downtown',1,1,2,215),(1011,'2015-12-21 00:00:00','Boston','Downtown',1,1,2,209),(1012,'2015-12-14 00:00:00','Boston','Downtown',1,1,2,210),(1013,'2015-12-07 00:00:00','Boston','Downtown',1,1,2,214),(1014,'2015-11-30 00:00:00','Boston','Downtown',1,1,2,215),(1015,'2015-11-23 00:00:00','Boston','Downtown',1,1,2,210),(1016,'2015-11-16 00:00:00','Boston','Downtown',1,1,2,218),(1017,'2015-11-09 00:00:00','Boston','Downtown',1,1,2,209),(1018,'2015-11-02 00:00:00','Boston','Downtown',1,1,2,214),(1019,'2015-10-26 00:00:00','Boston','Downtown',1,1,2,220),(1020,'2015-10-19 00:00:00','Boston','Downtown',1,1,2,231),(1021,'2015-10-12 00:00:00','Boston','Downtown',1,1,2,246),(1022,'2015-10-05 00:00:00','Boston','Downtown',1,1,2,248),(1023,'2015-09-28 00:00:00','Boston','Downtown',1,1,2,264),(1024,'2015-09-21 00:00:00','Boston','Downtown',1,1,2,279),(1025,'2015-09-14 00:00:00','Boston','Downtown',1,1,2,297),(1026,'2015-09-07 00:00:00','Boston','Downtown',1,1,2,304),(1027,'2015-08-31 00:00:00','Boston','Downtown',1,1,2,313),(1028,'2015-08-24 00:00:00','Boston','Downtown',1,1,2,320),(1029,'2015-08-17 00:00:00','Boston','Downtown',1,1,2,348),(1030,'2015-08-10 00:00:00','Boston','Downtown',1,1,2,356),(1031,'2015-08-03 00:00:00','Boston','Downtown',1,1,2,387),(1032,'2015-07-27 00:00:00','Boston','Downtown',1,1,2,421),(1033,'2015-07-20 00:00:00','Boston','Downtown',1,1,2,418),(1034,'2015-07-13 00:00:00','Boston','Downtown',1,1,2,425),(1035,'2015-07-06 00:00:00','Boston','Downtown',1,1,2,417),(1036,'2015-06-29 00:00:00','Boston','Downtown',1,1,2,633),(1037,'2015-06-22 00:00:00','Boston','Downtown',1,1,2,385),(1038,'2015-06-15 00:00:00','Boston','Downtown',1,1,2,374),(1039,'2015-06-08 00:00:00','Boston','Downtown',1,1,2,360),(1040,'2015-06-01 00:00:00','Boston','Downtown',1,1,2,359),(1041,'2016-05-23 00:00:00','Boston','Downtown',1,2,1,256),(1042,'2016-05-16 00:00:00','Boston','Downtown',1,2,1,183),(1043,'2016-05-09 00:00:00','Boston','Downtown',1,2,1,135),(1044,'2016-05-02 00:00:00','Boston','Downtown',1,2,1,91),(1045,'2016-04-25 00:00:00','Boston','Downtown',1,2,1,0),(1046,'2016-04-18 00:00:00','Boston','Downtown',1,2,1,0),(1047,'2016-04-11 00:00:00','Boston','Downtown',1,2,1,0),(1048,'2016-04-04 00:00:00','Boston','Downtown',1,2,1,0),(1049,'2016-03-28 00:00:00','Boston','Downtown',1,2,1,0),(1050,'2016-03-21 00:00:00','Boston','Downtown',1,2,1,0),(1051,'2016-03-14 00:00:00','Boston','Downtown',1,2,1,0),(1052,'2016-03-07 00:00:00','Boston','Downtown',1,2,1,0),(1053,'2016-02-29 00:00:00','Boston','Downtown',1,2,1,0),(1054,'2016-02-22 00:00:00','Boston','Downtown',1,2,1,0),(1055,'2016-02-15 00:00:00','Boston','Downtown',1,2,1,0),(1056,'2016-02-08 00:00:00','Boston','Downtown',1,2,1,0),(1057,'2016-02-01 00:00:00','Boston','Downtown',1,2,1,0),(1058,'2016-01-25 00:00:00','Boston','Downtown',1,2,1,0),(1059,'2016-01-18 00:00:00','Boston','Downtown',1,2,1,0),(1060,'2016-01-11 00:00:00','Boston','Downtown',1,2,1,0),(1061,'2016-01-04 00:00:00','Boston','Downtown',1,2,1,0),(1062,'2015-12-28 00:00:00','Boston','Downtown',1,2,1,0),(1063,'2015-12-21 00:00:00','Boston','Downtown',1,2,1,0),(1064,'2015-12-14 00:00:00','Boston','Downtown',1,2,1,0),(1065,'2015-12-07 00:00:00','Boston','Downtown',1,2,1,0),(1066,'2015-11-30 00:00:00','Boston','Downtown',1,2,1,0),(1067,'2015-11-23 00:00:00','Boston','Downtown',1,2,1,0),(1068,'2015-11-16 00:00:00','Boston','Downtown',1,2,1,0),(1069,'2015-11-09 00:00:00','Boston','Downtown',1,2,1,0),(1070,'2015-11-02 00:00:00','Boston','Downtown',1,2,1,0),(1071,'2015-10-26 00:00:00','Boston','Downtown',1,2,1,0),(1072,'2015-10-19 00:00:00','Boston','Downtown',1,2,1,0),(1073,'2015-10-12 00:00:00','Boston','Downtown',1,2,1,0),(1074,'2015-10-05 00:00:00','Boston','Downtown',1,2,1,0),(1075,'2015-09-28 00:00:00','Boston','Downtown',1,2,1,0),(1076,'2015-09-21 00:00:00','Boston','Downtown',1,2,1,0),(1077,'2015-09-14 00:00:00','Boston','Downtown',1,2,1,97),(1078,'2015-09-07 00:00:00','Boston','Downtown',1,2,1,118),(1079,'2015-08-31 00:00:00','Boston','Downtown',1,2,1,278),(1080,'2015-08-24 00:00:00','Boston','Downtown',1,2,1,458),(1081,'2015-08-17 00:00:00','Boston','Downtown',1,2,1,519),(1082,'2015-08-10 00:00:00','Boston','Downtown',1,2,1,547),(1083,'2015-08-03 00:00:00','Boston','Downtown',1,2,1,549),(1084,'2015-07-27 00:00:00','Boston','Downtown',1,2,1,547),(1085,'2015-07-20 00:00:00','Boston','Downtown',1,2,1,463),(1086,'2015-07-13 00:00:00','Boston','Downtown',1,2,1,446),(1087,'2015-07-06 00:00:00','Boston','Downtown',1,2,1,459),(1088,'2015-06-29 00:00:00','Boston','Downtown',1,2,1,823),(1089,'2015-06-22 00:00:00','Boston','Downtown',1,2,1,455),(1090,'2015-06-15 00:00:00','Boston','Downtown',1,2,1,383),(1091,'2015-06-08 00:00:00','Boston','Downtown',1,2,1,366),(1092,'2015-06-01 00:00:00','Boston','Downtown',1,2,1,331),(1093,'2016-05-23 00:00:00','Boston','Downtown',1,2,2,268),(1094,'2016-05-16 00:00:00','Boston','Downtown',1,2,2,251),(1095,'2016-05-09 00:00:00','Boston','Downtown',1,2,2,240),(1096,'2016-05-02 00:00:00','Boston','Downtown',1,2,2,225),(1097,'2016-04-25 00:00:00','Boston','Downtown',1,2,2,214),(1098,'2016-04-18 00:00:00','Boston','Downtown',1,2,2,215),(1099,'2016-04-11 00:00:00','Boston','Downtown',1,2,2,207),(1100,'2016-04-04 00:00:00','Boston','Downtown',1,2,2,205),(1101,'2016-03-28 00:00:00','Boston','Downtown',1,2,2,201),(1102,'2016-03-21 00:00:00','Boston','Downtown',1,2,2,195),(1103,'2016-03-14 00:00:00','Boston','Downtown',1,2,2,194),(1104,'2016-03-07 00:00:00','Boston','Downtown',1,2,2,192),(1105,'2016-02-29 00:00:00','Boston','Downtown',1,2,2,188),(1106,'2016-02-22 00:00:00','Boston','Downtown',1,2,2,174),(1107,'2016-02-15 00:00:00','Boston','Downtown',1,2,2,165),(1108,'2016-02-08 00:00:00','Boston','Downtown',1,2,2,157),(1109,'2016-02-01 00:00:00','Boston','Downtown',1,2,2,161),(1110,'2016-01-25 00:00:00','Boston','Downtown',1,2,2,157),(1111,'2016-01-18 00:00:00','Boston','Downtown',1,2,2,165),(1112,'2016-01-11 00:00:00','Boston','Downtown',1,2,2,163),(1113,'2016-01-04 00:00:00','Boston','Downtown',1,2,2,163),(1114,'2015-12-28 00:00:00','Boston','Downtown',1,2,2,162),(1115,'2015-12-21 00:00:00','Boston','Downtown',1,2,2,164),(1116,'2015-12-14 00:00:00','Boston','Downtown',1,2,2,156),(1117,'2015-12-07 00:00:00','Boston','Downtown',1,2,2,163),(1118,'2015-11-30 00:00:00','Boston','Downtown',1,2,2,157),(1119,'2015-11-23 00:00:00','Boston','Downtown',1,2,2,160),(1120,'2015-11-16 00:00:00','Boston','Downtown',1,2,2,159),(1121,'2015-11-09 00:00:00','Boston','Downtown',1,2,2,157),(1122,'2015-11-02 00:00:00','Boston','Downtown',1,2,2,162),(1123,'2015-10-26 00:00:00','Boston','Downtown',1,2,2,165),(1124,'2015-10-19 00:00:00','Boston','Downtown',1,2,2,174),(1125,'2015-10-12 00:00:00','Boston','Downtown',1,2,2,181),(1126,'2015-10-05 00:00:00','Boston','Downtown',1,2,2,193),(1127,'2015-09-28 00:00:00','Boston','Downtown',1,2,2,198),(1128,'2015-09-21 00:00:00','Boston','Downtown',1,2,2,217),(1129,'2015-09-14 00:00:00','Boston','Downtown',1,2,2,220),(1130,'2015-09-07 00:00:00','Boston','Downtown',1,2,2,235),(1131,'2015-08-31 00:00:00','Boston','Downtown',1,2,2,236),(1132,'2015-08-24 00:00:00','Boston','Downtown',1,2,2,247),(1133,'2015-08-17 00:00:00','Boston','Downtown',1,2,2,262),(1134,'2015-08-10 00:00:00','Boston','Downtown',1,2,2,268),(1135,'2015-08-03 00:00:00','Boston','Downtown',1,2,2,295),(1136,'2015-07-27 00:00:00','Boston','Downtown',1,2,2,318),(1137,'2015-07-20 00:00:00','Boston','Downtown',1,2,2,318),(1138,'2015-07-13 00:00:00','Boston','Downtown',1,2,2,320),(1139,'2015-07-06 00:00:00','Boston','Downtown',1,2,2,320),(1140,'2015-06-29 00:00:00','Boston','Downtown',1,2,2,475),(1141,'2015-06-22 00:00:00','Boston','Downtown',1,2,2,298),(1142,'2015-06-15 00:00:00','Boston','Downtown',1,2,2,287),(1143,'2015-06-08 00:00:00','Boston','Downtown',1,2,2,280),(1144,'2015-06-01 00:00:00','Boston','Downtown',1,2,2,266),(1145,'2016-05-23 00:00:00','Boston','Downtown',1,3,1,169),(1146,'2016-05-16 00:00:00','Boston','Downtown',1,3,1,125),(1147,'2016-05-09 00:00:00','Boston','Downtown',1,3,1,89),(1148,'2016-05-02 00:00:00','Boston','Downtown',1,3,1,66),(1149,'2016-04-25 00:00:00','Boston','Downtown',1,3,1,0),(1150,'2016-04-18 00:00:00','Boston','Downtown',1,3,1,0),(1151,'2016-04-11 00:00:00','Boston','Downtown',1,3,1,0),(1152,'2016-04-04 00:00:00','Boston','Downtown',1,3,1,0),(1153,'2016-03-28 00:00:00','Boston','Downtown',1,3,1,0),(1154,'2016-03-21 00:00:00','Boston','Downtown',1,3,1,0),(1155,'2016-03-14 00:00:00','Boston','Downtown',1,3,1,0),(1156,'2016-03-07 00:00:00','Boston','Downtown',1,3,1,0),(1157,'2016-02-29 00:00:00','Boston','Downtown',1,3,1,0),(1158,'2016-02-22 00:00:00','Boston','Downtown',1,3,1,0),(1159,'2016-02-15 00:00:00','Boston','Downtown',1,3,1,0),(1160,'2016-02-08 00:00:00','Boston','Downtown',1,3,1,0),(1161,'2016-02-01 00:00:00','Boston','Downtown',1,3,1,0),(1162,'2016-01-25 00:00:00','Boston','Downtown',1,3,1,0),(1163,'2016-01-18 00:00:00','Boston','Downtown',1,3,1,0),(1164,'2016-01-11 00:00:00','Boston','Downtown',1,3,1,0),(1165,'2016-01-04 00:00:00','Boston','Downtown',1,3,1,0),(1166,'2015-12-28 00:00:00','Boston','Downtown',1,3,1,0),(1167,'2015-12-21 00:00:00','Boston','Downtown',1,3,1,0),(1168,'2015-12-14 00:00:00','Boston','Downtown',1,3,1,0),(1169,'2015-12-07 00:00:00','Boston','Downtown',1,3,1,0),(1170,'2015-11-30 00:00:00','Boston','Downtown',1,3,1,0),(1171,'2015-11-23 00:00:00','Boston','Downtown',1,3,1,0),(1172,'2015-11-16 00:00:00','Boston','Downtown',1,3,1,0),(1173,'2015-11-09 00:00:00','Boston','Downtown',1,3,1,0),(1174,'2015-11-02 00:00:00','Boston','Downtown',1,3,1,0),(1175,'2015-10-26 00:00:00','Boston','Downtown',1,3,1,0),(1176,'2015-10-19 00:00:00','Boston','Downtown',1,3,1,0),(1177,'2015-10-12 00:00:00','Boston','Downtown',1,3,1,0),(1178,'2015-10-05 00:00:00','Boston','Downtown',1,3,1,0),(1179,'2015-09-28 00:00:00','Boston','Downtown',1,3,1,0),(1180,'2015-09-21 00:00:00','Boston','Downtown',1,3,1,0),(1181,'2015-09-14 00:00:00','Boston','Downtown',1,3,1,61),(1182,'2015-09-07 00:00:00','Boston','Downtown',1,3,1,72),(1183,'2015-08-31 00:00:00','Boston','Downtown',1,3,1,176),(1184,'2015-08-24 00:00:00','Boston','Downtown',1,3,1,291),(1185,'2015-08-17 00:00:00','Boston','Downtown',1,3,1,328),(1186,'2015-08-10 00:00:00','Boston','Downtown',1,3,1,354),(1187,'2015-08-03 00:00:00','Boston','Downtown',1,3,1,350),(1188,'2015-07-27 00:00:00','Boston','Downtown',1,3,1,353),(1189,'2015-07-20 00:00:00','Boston','Downtown',1,3,1,294),(1190,'2015-07-13 00:00:00','Boston','Downtown',1,3,1,282),(1191,'2015-07-06 00:00:00','Boston','Downtown',1,3,1,289),(1192,'2015-06-29 00:00:00','Boston','Downtown',1,3,1,527),(1193,'2015-06-22 00:00:00','Boston','Downtown',1,3,1,289),(1194,'2015-06-15 00:00:00','Boston','Downtown',1,3,1,244),(1195,'2015-06-08 00:00:00','Boston','Downtown',1,3,1,234),(1196,'2015-06-01 00:00:00','Boston','Downtown',1,3,1,211),(1197,'2016-05-23 00:00:00','Boston','Downtown',1,3,2,329),(1198,'2016-05-16 00:00:00','Boston','Downtown',1,3,2,303),(1199,'2016-05-09 00:00:00','Boston','Downtown',1,3,2,303),(1200,'2016-05-02 00:00:00','Boston','Downtown',1,3,2,271),(1201,'2016-04-25 00:00:00','Boston','Downtown',1,3,2,265),(1202,'2016-04-18 00:00:00','Boston','Downtown',1,3,2,260),(1203,'2016-04-11 00:00:00','Boston','Downtown',1,3,2,256),(1204,'2016-04-04 00:00:00','Boston','Downtown',1,3,2,242),(1205,'2016-03-28 00:00:00','Boston','Downtown',1,3,2,240),(1206,'2016-03-21 00:00:00','Boston','Downtown',1,3,2,238),(1207,'2016-03-14 00:00:00','Boston','Downtown',1,3,2,243),(1208,'2016-03-07 00:00:00','Boston','Downtown',1,3,2,243),(1209,'2016-02-29 00:00:00','Boston','Downtown',1,3,2,224),(1210,'2016-02-22 00:00:00','Boston','Downtown',1,3,2,209),(1211,'2016-02-15 00:00:00','Boston','Downtown',1,3,2,197),(1212,'2016-02-08 00:00:00','Boston','Downtown',1,3,2,200),(1213,'2016-02-01 00:00:00','Boston','Downtown',1,3,2,200),(1214,'2016-01-25 00:00:00','Boston','Downtown',1,3,2,193),(1215,'2016-01-18 00:00:00','Boston','Downtown',1,3,2,198),(1216,'2016-01-11 00:00:00','Boston','Downtown',1,3,2,200),(1217,'2016-01-04 00:00:00','Boston','Downtown',1,3,2,197),(1218,'2015-12-28 00:00:00','Boston','Downtown',1,3,2,200),(1219,'2015-12-21 00:00:00','Boston','Downtown',1,3,2,201),(1220,'2015-12-14 00:00:00','Boston','Downtown',1,3,2,194),(1221,'2015-12-07 00:00:00','Boston','Downtown',1,3,2,199),(1222,'2015-11-30 00:00:00','Boston','Downtown',1,3,2,197),(1223,'2015-11-23 00:00:00','Boston','Downtown',1,3,2,197),(1224,'2015-11-16 00:00:00','Boston','Downtown',1,3,2,195),(1225,'2015-11-09 00:00:00','Boston','Downtown',1,3,2,203),(1226,'2015-11-02 00:00:00','Boston','Downtown',1,3,2,197),(1227,'2015-10-26 00:00:00','Boston','Downtown',1,3,2,206),(1228,'2015-10-19 00:00:00','Boston','Downtown',1,3,2,221),(1229,'2015-10-12 00:00:00','Boston','Downtown',1,3,2,231),(1230,'2015-10-05 00:00:00','Boston','Downtown',1,3,2,233),(1231,'2015-09-28 00:00:00','Boston','Downtown',1,3,2,246),(1232,'2015-09-21 00:00:00','Boston','Downtown',1,3,2,265),(1233,'2015-09-14 00:00:00','Boston','Downtown',1,3,2,273),(1234,'2015-09-07 00:00:00','Boston','Downtown',1,3,2,289),(1235,'2015-08-31 00:00:00','Boston','Downtown',1,3,2,293),(1236,'2015-08-24 00:00:00','Boston','Downtown',1,3,2,300),(1237,'2015-08-17 00:00:00','Boston','Downtown',1,3,2,321),(1238,'2015-08-10 00:00:00','Boston','Downtown',1,3,2,328),(1239,'2015-08-03 00:00:00','Boston','Downtown',1,3,2,363),(1240,'2015-07-27 00:00:00','Boston','Downtown',1,3,2,389),(1241,'2015-07-20 00:00:00','Boston','Downtown',1,3,2,396),(1242,'2015-07-13 00:00:00','Boston','Downtown',1,3,2,386),(1243,'2015-07-06 00:00:00','Boston','Downtown',1,3,2,394),(1244,'2015-06-29 00:00:00','Boston','Downtown',1,3,2,588),(1245,'2015-06-22 00:00:00','Boston','Downtown',1,3,2,361),(1246,'2015-06-15 00:00:00','Boston','Downtown',1,3,2,349),(1247,'2015-06-08 00:00:00','Boston','Downtown',1,3,2,339),(1248,'2015-06-01 00:00:00','Boston','Downtown',1,3,2,335),(1249,'2016-05-23 00:00:00','Boston','Jamaica Plain',1,1,1,97),(1250,'2016-05-16 00:00:00','Boston','Jamaica Plain',1,1,1,75),(1251,'2016-05-09 00:00:00','Boston','Jamaica Plain',1,1,1,50),(1252,'2016-05-02 00:00:00','Boston','Jamaica Plain',1,1,1,37),(1253,'2016-04-25 00:00:00','Boston','Jamaica Plain',1,1,1,0),(1254,'2016-04-18 00:00:00','Boston','Jamaica Plain',1,1,1,0),(1255,'2016-04-11 00:00:00','Boston','Jamaica Plain',1,1,1,0),(1256,'2016-04-04 00:00:00','Boston','Jamaica Plain',1,1,1,0),(1257,'2016-03-28 00:00:00','Boston','Jamaica Plain',1,1,1,0),(1258,'2016-03-21 00:00:00','Boston','Jamaica Plain',1,1,1,0),(1259,'2016-03-14 00:00:00','Boston','Jamaica Plain',1,1,1,0),(1260,'2016-03-07 00:00:00','Boston','Jamaica Plain',1,1,1,0),(1261,'2016-02-29 00:00:00','Boston','Jamaica Plain',1,1,1,0),(1262,'2016-02-22 00:00:00','Boston','Jamaica Plain',1,1,1,0),(1263,'2016-02-15 00:00:00','Boston','Jamaica Plain',1,1,1,0),(1264,'2016-02-08 00:00:00','Boston','Jamaica Plain',1,1,1,0),(1265,'2016-02-01 00:00:00','Boston','Jamaica Plain',1,1,1,0),(1266,'2016-01-25 00:00:00','Boston','Jamaica Plain',1,1,1,0),(1267,'2016-01-18 00:00:00','Boston','Jamaica Plain',1,1,1,0),(1268,'2016-01-11 00:00:00','Boston','Jamaica Plain',1,1,1,0),(1269,'2016-01-04 00:00:00','Boston','Jamaica Plain',1,1,1,0),(1270,'2015-12-28 00:00:00','Boston','Jamaica Plain',1,1,1,0),(1271,'2015-12-21 00:00:00','Boston','Jamaica Plain',1,1,1,0),(1272,'2015-12-14 00:00:00','Boston','Jamaica Plain',1,1,1,0),(1273,'2015-12-07 00:00:00','Boston','Jamaica Plain',1,1,1,0),(1274,'2015-11-30 00:00:00','Boston','Jamaica Plain',1,1,1,0),(1275,'2015-11-23 00:00:00','Boston','Jamaica Plain',1,1,1,0),(1276,'2015-11-16 00:00:00','Boston','Jamaica Plain',1,1,1,0),(1277,'2015-11-09 00:00:00','Boston','Jamaica Plain',1,1,1,0),(1278,'2015-11-02 00:00:00','Boston','Jamaica Plain',1,1,1,0),(1279,'2015-10-26 00:00:00','Boston','Jamaica Plain',1,1,1,0),(1280,'2015-10-19 00:00:00','Boston','Jamaica Plain',1,1,1,0),(1281,'2015-10-12 00:00:00','Boston','Jamaica Plain',1,1,1,0),(1282,'2015-10-05 00:00:00','Boston','Jamaica Plain',1,1,1,0),(1283,'2015-09-28 00:00:00','Boston','Jamaica Plain',1,1,1,0),(1284,'2015-09-21 00:00:00','Boston','Jamaica Plain',1,1,1,0),(1285,'2015-09-14 00:00:00','Boston','Jamaica Plain',1,1,1,35),(1286,'2015-09-07 00:00:00','Boston','Jamaica Plain',1,1,1,45),(1287,'2015-08-31 00:00:00','Boston','Jamaica Plain',1,1,1,106),(1288,'2015-08-24 00:00:00','Boston','Jamaica Plain',1,1,1,177),(1289,'2015-08-17 00:00:00','Boston','Jamaica Plain',1,1,1,195),(1290,'2015-08-10 00:00:00','Boston','Jamaica Plain',1,1,1,204),(1291,'2015-08-03 00:00:00','Boston','Jamaica Plain',1,1,1,206),(1292,'2015-07-27 00:00:00','Boston','Jamaica Plain',1,1,1,208),(1293,'2015-07-20 00:00:00','Boston','Jamaica Plain',1,1,1,180),(1294,'2015-07-13 00:00:00','Boston','Jamaica Plain',1,1,1,172),(1295,'2015-07-06 00:00:00','Boston','Jamaica Plain',1,1,1,170),(1296,'2015-06-29 00:00:00','Boston','Jamaica Plain',1,1,1,316),(1297,'2015-06-22 00:00:00','Boston','Jamaica Plain',1,1,1,176),(1298,'2015-06-15 00:00:00','Boston','Jamaica Plain',1,1,1,148),(1299,'2015-06-08 00:00:00','Boston','Jamaica Plain',1,1,1,141),(1300,'2015-06-01 00:00:00','Boston','Jamaica Plain',1,1,1,125),(1301,'2016-05-23 00:00:00','Boston','Jamaica Plain',1,1,2,354),(1302,'2016-05-16 00:00:00','Boston','Jamaica Plain',1,1,2,330),(1303,'2016-05-09 00:00:00','Boston','Jamaica Plain',1,1,2,328),(1304,'2016-05-02 00:00:00','Boston','Jamaica Plain',1,1,2,290),(1305,'2016-04-25 00:00:00','Boston','Jamaica Plain',1,1,2,283),(1306,'2016-04-18 00:00:00','Boston','Jamaica Plain',1,1,2,283),(1307,'2016-04-11 00:00:00','Boston','Jamaica Plain',1,1,2,271),(1308,'2016-04-04 00:00:00','Boston','Jamaica Plain',1,1,2,261),(1309,'2016-03-28 00:00:00','Boston','Jamaica Plain',1,1,2,267),(1310,'2016-03-21 00:00:00','Boston','Jamaica Plain',1,1,2,260),(1311,'2016-03-14 00:00:00','Boston','Jamaica Plain',1,1,2,261),(1312,'2016-03-07 00:00:00','Boston','Jamaica Plain',1,1,2,255),(1313,'2016-02-29 00:00:00','Boston','Jamaica Plain',1,1,2,242),(1314,'2016-02-22 00:00:00','Boston','Jamaica Plain',1,1,2,222),(1315,'2016-02-15 00:00:00','Boston','Jamaica Plain',1,1,2,210),(1316,'2016-02-08 00:00:00','Boston','Jamaica Plain',1,1,2,210),(1317,'2016-02-01 00:00:00','Boston','Jamaica Plain',1,1,2,214),(1318,'2016-01-25 00:00:00','Boston','Jamaica Plain',1,1,2,212),(1319,'2016-01-18 00:00:00','Boston','Jamaica Plain',1,1,2,213),(1320,'2016-01-11 00:00:00','Boston','Jamaica Plain',1,1,2,217),(1321,'2016-01-04 00:00:00','Boston','Jamaica Plain',1,1,2,215),(1322,'2015-12-28 00:00:00','Boston','Jamaica Plain',1,1,2,215),(1323,'2015-12-21 00:00:00','Boston','Jamaica Plain',1,1,2,213),(1324,'2015-12-14 00:00:00','Boston','Jamaica Plain',1,1,2,211),(1325,'2015-12-07 00:00:00','Boston','Jamaica Plain',1,1,2,212),(1326,'2015-11-30 00:00:00','Boston','Jamaica Plain',1,1,2,217),(1327,'2015-11-23 00:00:00','Boston','Jamaica Plain',1,1,2,214),(1328,'2015-11-16 00:00:00','Boston','Jamaica Plain',1,1,2,213),(1329,'2015-11-09 00:00:00','Boston','Jamaica Plain',1,1,2,212),(1330,'2015-11-02 00:00:00','Boston','Jamaica Plain',1,1,2,215),(1331,'2015-10-26 00:00:00','Boston','Jamaica Plain',1,1,2,223),(1332,'2015-10-19 00:00:00','Boston','Jamaica Plain',1,1,2,234),(1333,'2015-10-12 00:00:00','Boston','Jamaica Plain',1,1,2,243),(1334,'2015-10-05 00:00:00','Boston','Jamaica Plain',1,1,2,251),(1335,'2015-09-28 00:00:00','Boston','Jamaica Plain',1,1,2,261),(1336,'2015-09-21 00:00:00','Boston','Jamaica Plain',1,1,2,283),(1337,'2015-09-14 00:00:00','Boston','Jamaica Plain',1,1,2,295),(1338,'2015-09-07 00:00:00','Boston','Jamaica Plain',1,1,2,302),(1339,'2015-08-31 00:00:00','Boston','Jamaica Plain',1,1,2,312),(1340,'2015-08-24 00:00:00','Boston','Jamaica Plain',1,1,2,319),(1341,'2015-08-17 00:00:00','Boston','Jamaica Plain',1,1,2,352),(1342,'2015-08-10 00:00:00','Boston','Jamaica Plain',1,1,2,357),(1343,'2015-08-03 00:00:00','Boston','Jamaica Plain',1,1,2,394),(1344,'2015-07-27 00:00:00','Boston','Jamaica Plain',1,1,2,426),(1345,'2015-07-20 00:00:00','Boston','Jamaica Plain',1,1,2,418),(1346,'2015-07-13 00:00:00','Boston','Jamaica Plain',1,1,2,424),(1347,'2015-07-06 00:00:00','Boston','Jamaica Plain',1,1,2,422),(1348,'2015-06-29 00:00:00','Boston','Jamaica Plain',1,1,2,632),(1349,'2015-06-22 00:00:00','Boston','Jamaica Plain',1,1,2,387),(1350,'2015-06-15 00:00:00','Boston','Jamaica Plain',1,1,2,373),(1351,'2015-06-08 00:00:00','Boston','Jamaica Plain',1,1,2,361),(1352,'2015-06-01 00:00:00','Boston','Jamaica Plain',1,1,2,355),(1353,'2016-05-23 00:00:00','Boston','Jamaica Plain',1,2,1,258),(1354,'2016-05-16 00:00:00','Boston','Jamaica Plain',1,2,1,189),(1355,'2016-05-09 00:00:00','Boston','Jamaica Plain',1,2,1,130),(1356,'2016-05-02 00:00:00','Boston','Jamaica Plain',1,2,1,93),(1357,'2016-04-25 00:00:00','Boston','Jamaica Plain',1,2,1,0),(1358,'2016-04-18 00:00:00','Boston','Jamaica Plain',1,2,1,0),(1359,'2016-04-11 00:00:00','Boston','Jamaica Plain',1,2,1,0),(1360,'2016-04-04 00:00:00','Boston','Jamaica Plain',1,2,1,0),(1361,'2016-03-28 00:00:00','Boston','Jamaica Plain',1,2,1,0),(1362,'2016-03-21 00:00:00','Boston','Jamaica Plain',1,2,1,0),(1363,'2016-03-14 00:00:00','Boston','Jamaica Plain',1,2,1,0),(1364,'2016-03-07 00:00:00','Boston','Jamaica Plain',1,2,1,0),(1365,'2016-02-29 00:00:00','Boston','Jamaica Plain',1,2,1,0),(1366,'2016-02-22 00:00:00','Boston','Jamaica Plain',1,2,1,0),(1367,'2016-02-15 00:00:00','Boston','Jamaica Plain',1,2,1,0),(1368,'2016-02-08 00:00:00','Boston','Jamaica Plain',1,2,1,0),(1369,'2016-02-01 00:00:00','Boston','Jamaica Plain',1,2,1,0),(1370,'2016-01-25 00:00:00','Boston','Jamaica Plain',1,2,1,0),(1371,'2016-01-18 00:00:00','Boston','Jamaica Plain',1,2,1,0),(1372,'2016-01-11 00:00:00','Boston','Jamaica Plain',1,2,1,0),(1373,'2016-01-04 00:00:00','Boston','Jamaica Plain',1,2,1,0),(1374,'2015-12-28 00:00:00','Boston','Jamaica Plain',1,2,1,0),(1375,'2015-12-21 00:00:00','Boston','Jamaica Plain',1,2,1,0),(1376,'2015-12-14 00:00:00','Boston','Jamaica Plain',1,2,1,0),(1377,'2015-12-07 00:00:00','Boston','Jamaica Plain',1,2,1,0),(1378,'2015-11-30 00:00:00','Boston','Jamaica Plain',1,2,1,0),(1379,'2015-11-23 00:00:00','Boston','Jamaica Plain',1,2,1,0),(1380,'2015-11-16 00:00:00','Boston','Jamaica Plain',1,2,1,0),(1381,'2015-11-09 00:00:00','Boston','Jamaica Plain',1,2,1,0),(1382,'2015-11-02 00:00:00','Boston','Jamaica Plain',1,2,1,0),(1383,'2015-10-26 00:00:00','Boston','Jamaica Plain',1,2,1,0),(1384,'2015-10-19 00:00:00','Boston','Jamaica Plain',1,2,1,0),(1385,'2015-10-12 00:00:00','Boston','Jamaica Plain',1,2,1,0),(1386,'2015-10-05 00:00:00','Boston','Jamaica Plain',1,2,1,0),(1387,'2015-09-28 00:00:00','Boston','Jamaica Plain',1,2,1,0),(1388,'2015-09-21 00:00:00','Boston','Jamaica Plain',1,2,1,0),(1389,'2015-09-14 00:00:00','Boston','Jamaica Plain',1,2,1,96),(1390,'2015-09-07 00:00:00','Boston','Jamaica Plain',1,2,1,118),(1391,'2015-08-31 00:00:00','Boston','Jamaica Plain',1,2,1,278),(1392,'2015-08-24 00:00:00','Boston','Jamaica Plain',1,2,1,463),(1393,'2015-08-17 00:00:00','Boston','Jamaica Plain',1,2,1,511),(1394,'2015-08-10 00:00:00','Boston','Jamaica Plain',1,2,1,547),(1395,'2015-08-03 00:00:00','Boston','Jamaica Plain',1,2,1,548),(1396,'2015-07-27 00:00:00','Boston','Jamaica Plain',1,2,1,550),(1397,'2015-07-20 00:00:00','Boston','Jamaica Plain',1,2,1,463),(1398,'2015-07-13 00:00:00','Boston','Jamaica Plain',1,2,1,443),(1399,'2015-07-06 00:00:00','Boston','Jamaica Plain',1,2,1,463),(1400,'2015-06-29 00:00:00','Boston','Jamaica Plain',1,2,1,823),(1401,'2015-06-22 00:00:00','Boston','Jamaica Plain',1,2,1,465),(1402,'2015-06-15 00:00:00','Boston','Jamaica Plain',1,2,1,386),(1403,'2015-06-08 00:00:00','Boston','Jamaica Plain',1,2,1,366),(1404,'2015-06-01 00:00:00','Boston','Jamaica Plain',1,2,1,329),(1405,'2016-05-23 00:00:00','Boston','Jamaica Plain',1,2,2,263),(1406,'2016-05-16 00:00:00','Boston','Jamaica Plain',1,2,2,247),(1407,'2016-05-09 00:00:00','Boston','Jamaica Plain',1,2,2,242),(1408,'2016-05-02 00:00:00','Boston','Jamaica Plain',1,2,2,224),(1409,'2016-04-25 00:00:00','Boston','Jamaica Plain',1,2,2,216),(1410,'2016-04-18 00:00:00','Boston','Jamaica Plain',1,2,2,210),(1411,'2016-04-11 00:00:00','Boston','Jamaica Plain',1,2,2,203),(1412,'2016-04-04 00:00:00','Boston','Jamaica Plain',1,2,2,196),(1413,'2016-03-28 00:00:00','Boston','Jamaica Plain',1,2,2,196),(1414,'2016-03-21 00:00:00','Boston','Jamaica Plain',1,2,2,196),(1415,'2016-03-14 00:00:00','Boston','Jamaica Plain',1,2,2,195),(1416,'2016-03-07 00:00:00','Boston','Jamaica Plain',1,2,2,189),(1417,'2016-02-29 00:00:00','Boston','Jamaica Plain',1,2,2,181),(1418,'2016-02-22 00:00:00','Boston','Jamaica Plain',1,2,2,173),(1419,'2016-02-15 00:00:00','Boston','Jamaica Plain',1,2,2,159),(1420,'2016-02-08 00:00:00','Boston','Jamaica Plain',1,2,2,159),(1421,'2016-02-01 00:00:00','Boston','Jamaica Plain',1,2,2,163),(1422,'2016-01-25 00:00:00','Boston','Jamaica Plain',1,2,2,161),(1423,'2016-01-18 00:00:00','Boston','Jamaica Plain',1,2,2,165),(1424,'2016-01-11 00:00:00','Boston','Jamaica Plain',1,2,2,166),(1425,'2016-01-04 00:00:00','Boston','Jamaica Plain',1,2,2,163),(1426,'2015-12-28 00:00:00','Boston','Jamaica Plain',1,2,2,161),(1427,'2015-12-21 00:00:00','Boston','Jamaica Plain',1,2,2,161),(1428,'2015-12-14 00:00:00','Boston','Jamaica Plain',1,2,2,158),(1429,'2015-12-07 00:00:00','Boston','Jamaica Plain',1,2,2,159),(1430,'2015-11-30 00:00:00','Boston','Jamaica Plain',1,2,2,163),(1431,'2015-11-23 00:00:00','Boston','Jamaica Plain',1,2,2,158),(1432,'2015-11-16 00:00:00','Boston','Jamaica Plain',1,2,2,163),(1433,'2015-11-09 00:00:00','Boston','Jamaica Plain',1,2,2,164),(1434,'2015-11-02 00:00:00','Boston','Jamaica Plain',1,2,2,156),(1435,'2015-10-26 00:00:00','Boston','Jamaica Plain',1,2,2,172),(1436,'2015-10-19 00:00:00','Boston','Jamaica Plain',1,2,2,176),(1437,'2015-10-12 00:00:00','Boston','Jamaica Plain',1,2,2,181),(1438,'2015-10-05 00:00:00','Boston','Jamaica Plain',1,2,2,188),(1439,'2015-09-28 00:00:00','Boston','Jamaica Plain',1,2,2,205),(1440,'2015-09-21 00:00:00','Boston','Jamaica Plain',1,2,2,210),(1441,'2015-09-14 00:00:00','Boston','Jamaica Plain',1,2,2,222),(1442,'2015-09-07 00:00:00','Boston','Jamaica Plain',1,2,2,230),(1443,'2015-08-31 00:00:00','Boston','Jamaica Plain',1,2,2,233),(1444,'2015-08-24 00:00:00','Boston','Jamaica Plain',1,2,2,243),(1445,'2015-08-17 00:00:00','Boston','Jamaica Plain',1,2,2,261),(1446,'2015-08-10 00:00:00','Boston','Jamaica Plain',1,2,2,272),(1447,'2015-08-03 00:00:00','Boston','Jamaica Plain',1,2,2,294),(1448,'2015-07-27 00:00:00','Boston','Jamaica Plain',1,2,2,320),(1449,'2015-07-20 00:00:00','Boston','Jamaica Plain',1,2,2,314),(1450,'2015-07-13 00:00:00','Boston','Jamaica Plain',1,2,2,312),(1451,'2015-07-06 00:00:00','Boston','Jamaica Plain',1,2,2,318),(1452,'2015-06-29 00:00:00','Boston','Jamaica Plain',1,2,2,473),(1453,'2015-06-22 00:00:00','Boston','Jamaica Plain',1,2,2,290),(1454,'2015-06-15 00:00:00','Boston','Jamaica Plain',1,2,2,286),(1455,'2015-06-08 00:00:00','Boston','Jamaica Plain',1,2,2,277),(1456,'2015-06-01 00:00:00','Boston','Jamaica Plain',1,2,2,270),(1457,'2016-05-23 00:00:00','Boston','Jamaica Plain',1,3,1,164),(1458,'2016-05-16 00:00:00','Boston','Jamaica Plain',1,3,1,119),(1459,'2016-05-09 00:00:00','Boston','Jamaica Plain',1,3,1,82),(1460,'2016-05-02 00:00:00','Boston','Jamaica Plain',1,3,1,61),(1461,'2016-04-25 00:00:00','Boston','Jamaica Plain',1,3,1,0),(1462,'2016-04-18 00:00:00','Boston','Jamaica Plain',1,3,1,0),(1463,'2016-04-11 00:00:00','Boston','Jamaica Plain',1,3,1,0),(1464,'2016-04-04 00:00:00','Boston','Jamaica Plain',1,3,1,0),(1465,'2016-03-28 00:00:00','Boston','Jamaica Plain',1,3,1,0),(1466,'2016-03-21 00:00:00','Boston','Jamaica Plain',1,3,1,0),(1467,'2016-03-14 00:00:00','Boston','Jamaica Plain',1,3,1,0),(1468,'2016-03-07 00:00:00','Boston','Jamaica Plain',1,3,1,0),(1469,'2016-02-29 00:00:00','Boston','Jamaica Plain',1,3,1,0),(1470,'2016-02-22 00:00:00','Boston','Jamaica Plain',1,3,1,0),(1471,'2016-02-15 00:00:00','Boston','Jamaica Plain',1,3,1,0),(1472,'2016-02-08 00:00:00','Boston','Jamaica Plain',1,3,1,0),(1473,'2016-02-01 00:00:00','Boston','Jamaica Plain',1,3,1,0),(1474,'2016-01-25 00:00:00','Boston','Jamaica Plain',1,3,1,0),(1475,'2016-01-18 00:00:00','Boston','Jamaica Plain',1,3,1,0),(1476,'2016-01-11 00:00:00','Boston','Jamaica Plain',1,3,1,0),(1477,'2016-01-04 00:00:00','Boston','Jamaica Plain',1,3,1,0),(1478,'2015-12-28 00:00:00','Boston','Jamaica Plain',1,3,1,0),(1479,'2015-12-21 00:00:00','Boston','Jamaica Plain',1,3,1,0),(1480,'2015-12-14 00:00:00','Boston','Jamaica Plain',1,3,1,0),(1481,'2015-12-07 00:00:00','Boston','Jamaica Plain',1,3,1,0),(1482,'2015-11-30 00:00:00','Boston','Jamaica Plain',1,3,1,0),(1483,'2015-11-23 00:00:00','Boston','Jamaica Plain',1,3,1,0),(1484,'2015-11-16 00:00:00','Boston','Jamaica Plain',1,3,1,0),(1485,'2015-11-09 00:00:00','Boston','Jamaica Plain',1,3,1,0),(1486,'2015-11-02 00:00:00','Boston','Jamaica Plain',1,3,1,0),(1487,'2015-10-26 00:00:00','Boston','Jamaica Plain',1,3,1,0),(1488,'2015-10-19 00:00:00','Boston','Jamaica Plain',1,3,1,0),(1489,'2015-10-12 00:00:00','Boston','Jamaica Plain',1,3,1,0),(1490,'2015-10-05 00:00:00','Boston','Jamaica Plain',1,3,1,0),(1491,'2015-09-28 00:00:00','Boston','Jamaica Plain',1,3,1,0),(1492,'2015-09-21 00:00:00','Boston','Jamaica Plain',1,3,1,0),(1493,'2015-09-14 00:00:00','Boston','Jamaica Plain',1,3,1,61),(1494,'2015-09-07 00:00:00','Boston','Jamaica Plain',1,3,1,74),(1495,'2015-08-31 00:00:00','Boston','Jamaica Plain',1,3,1,175),(1496,'2015-08-24 00:00:00','Boston','Jamaica Plain',1,3,1,290),(1497,'2015-08-17 00:00:00','Boston','Jamaica Plain',1,3,1,329),(1498,'2015-08-10 00:00:00','Boston','Jamaica Plain',1,3,1,345),(1499,'2015-08-03 00:00:00','Boston','Jamaica Plain',1,3,1,354),(1500,'2015-07-27 00:00:00','Boston','Jamaica Plain',1,3,1,352),(1501,'2015-07-20 00:00:00','Boston','Jamaica Plain',1,3,1,294),(1502,'2015-07-13 00:00:00','Boston','Jamaica Plain',1,3,1,279),(1503,'2015-07-06 00:00:00','Boston','Jamaica Plain',1,3,1,296),(1504,'2015-06-29 00:00:00','Boston','Jamaica Plain',1,3,1,518),(1505,'2015-06-22 00:00:00','Boston','Jamaica Plain',1,3,1,292),(1506,'2015-06-15 00:00:00','Boston','Jamaica Plain',1,3,1,247),(1507,'2015-06-08 00:00:00','Boston','Jamaica Plain',1,3,1,232),(1508,'2015-06-01 00:00:00','Boston','Jamaica Plain',1,3,1,209),(1509,'2016-05-23 00:00:00','Boston','Jamaica Plain',1,3,2,330),(1510,'2016-05-16 00:00:00','Boston','Jamaica Plain',1,3,2,302),(1511,'2016-05-09 00:00:00','Boston','Jamaica Plain',1,3,2,298),(1512,'2016-05-02 00:00:00','Boston','Jamaica Plain',1,3,2,271),(1513,'2016-04-25 00:00:00','Boston','Jamaica Plain',1,3,2,262),(1514,'2016-04-18 00:00:00','Boston','Jamaica Plain',1,3,2,258),(1515,'2016-04-11 00:00:00','Boston','Jamaica Plain',1,3,2,249),(1516,'2016-04-04 00:00:00','Boston','Jamaica Plain',1,3,2,244),(1517,'2016-03-28 00:00:00','Boston','Jamaica Plain',1,3,2,243),(1518,'2016-03-21 00:00:00','Boston','Jamaica Plain',1,3,2,246),(1519,'2016-03-14 00:00:00','Boston','Jamaica Plain',1,3,2,244),(1520,'2016-03-07 00:00:00','Boston','Jamaica Plain',1,3,2,244),(1521,'2016-02-29 00:00:00','Boston','Jamaica Plain',1,3,2,223),(1522,'2016-02-22 00:00:00','Boston','Jamaica Plain',1,3,2,213),(1523,'2016-02-15 00:00:00','Boston','Jamaica Plain',1,3,2,199),(1524,'2016-02-08 00:00:00','Boston','Jamaica Plain',1,3,2,199),(1525,'2016-02-01 00:00:00','Boston','Jamaica Plain',1,3,2,201),(1526,'2016-01-25 00:00:00','Boston','Jamaica Plain',1,3,2,199),(1527,'2016-01-18 00:00:00','Boston','Jamaica Plain',1,3,2,203),(1528,'2016-01-11 00:00:00','Boston','Jamaica Plain',1,3,2,203),(1529,'2016-01-04 00:00:00','Boston','Jamaica Plain',1,3,2,200),(1530,'2015-12-28 00:00:00','Boston','Jamaica Plain',1,3,2,200),(1531,'2015-12-21 00:00:00','Boston','Jamaica Plain',1,3,2,200),(1532,'2015-12-14 00:00:00','Boston','Jamaica Plain',1,3,2,193),(1533,'2015-12-07 00:00:00','Boston','Jamaica Plain',1,3,2,195),(1534,'2015-11-30 00:00:00','Boston','Jamaica Plain',1,3,2,197),(1535,'2015-11-23 00:00:00','Boston','Jamaica Plain',1,3,2,194),(1536,'2015-11-16 00:00:00','Boston','Jamaica Plain',1,3,2,202),(1537,'2015-11-09 00:00:00','Boston','Jamaica Plain',1,3,2,196),(1538,'2015-11-02 00:00:00','Boston','Jamaica Plain',1,3,2,197),(1539,'2015-10-26 00:00:00','Boston','Jamaica Plain',1,3,2,212),(1540,'2015-10-19 00:00:00','Boston','Jamaica Plain',1,3,2,212),(1541,'2015-10-12 00:00:00','Boston','Jamaica Plain',1,3,2,223),(1542,'2015-10-05 00:00:00','Boston','Jamaica Plain',1,3,2,234),(1543,'2015-09-28 00:00:00','Boston','Jamaica Plain',1,3,2,242),(1544,'2015-09-21 00:00:00','Boston','Jamaica Plain',1,3,2,265),(1545,'2015-09-14 00:00:00','Boston','Jamaica Plain',1,3,2,271),(1546,'2015-09-07 00:00:00','Boston','Jamaica Plain',1,3,2,289),(1547,'2015-08-31 00:00:00','Boston','Jamaica Plain',1,3,2,296),(1548,'2015-08-24 00:00:00','Boston','Jamaica Plain',1,3,2,303),(1549,'2015-08-17 00:00:00','Boston','Jamaica Plain',1,3,2,328),(1550,'2015-08-10 00:00:00','Boston','Jamaica Plain',1,3,2,331),(1551,'2015-08-03 00:00:00','Boston','Jamaica Plain',1,3,2,363),(1552,'2015-07-27 00:00:00','Boston','Jamaica Plain',1,3,2,391),(1553,'2015-07-20 00:00:00','Boston','Jamaica Plain',1,3,2,388),(1554,'2015-07-13 00:00:00','Boston','Jamaica Plain',1,3,2,395),(1555,'2015-07-06 00:00:00','Boston','Jamaica Plain',1,3,2,388),(1556,'2015-06-29 00:00:00','Boston','Jamaica Plain',1,3,2,587),(1557,'2015-06-22 00:00:00','Boston','Jamaica Plain',1,3,2,360),(1558,'2015-06-15 00:00:00','Boston','Jamaica Plain',1,3,2,347),(1559,'2015-06-08 00:00:00','Boston','Jamaica Plain',1,3,2,341),(1560,'2015-06-01 00:00:00','Boston','Jamaica Plain',1,3,2,332),(1561,'2016-05-23 00:00:00','Boston','North End',1,1,1,95),(1562,'2016-05-16 00:00:00','Boston','North End',1,1,1,77),(1563,'2016-05-09 00:00:00','Boston','North End',1,1,1,58),(1564,'2016-05-02 00:00:00','Boston','North End',1,1,1,42),(1565,'2016-04-25 00:00:00','Boston','North End',1,1,1,0),(1566,'2016-04-18 00:00:00','Boston','North End',1,1,1,0),(1567,'2016-04-11 00:00:00','Boston','North End',1,1,1,0),(1568,'2016-04-04 00:00:00','Boston','North End',1,1,1,0),(1569,'2016-03-28 00:00:00','Boston','North End',1,1,1,0),(1570,'2016-03-21 00:00:00','Boston','North End',1,1,1,0),(1571,'2016-03-14 00:00:00','Boston','North End',1,1,1,0),(1572,'2016-03-07 00:00:00','Boston','North End',1,1,1,0),(1573,'2016-02-29 00:00:00','Boston','North End',1,1,1,0),(1574,'2016-02-22 00:00:00','Boston','North End',1,1,1,0),(1575,'2016-02-15 00:00:00','Boston','North End',1,1,1,0),(1576,'2016-02-08 00:00:00','Boston','North End',1,1,1,0),(1577,'2016-02-01 00:00:00','Boston','North End',1,1,1,0),(1578,'2016-01-25 00:00:00','Boston','North End',1,1,1,0),(1579,'2016-01-18 00:00:00','Boston','North End',1,1,1,0),(1580,'2016-01-11 00:00:00','Boston','North End',1,1,1,0),(1581,'2016-01-04 00:00:00','Boston','North End',1,1,1,0),(1582,'2015-12-28 00:00:00','Boston','North End',1,1,1,0),(1583,'2015-12-21 00:00:00','Boston','North End',1,1,1,0),(1584,'2015-12-14 00:00:00','Boston','North End',1,1,1,0),(1585,'2015-12-07 00:00:00','Boston','North End',1,1,1,0),(1586,'2015-11-30 00:00:00','Boston','North End',1,1,1,0),(1587,'2015-11-23 00:00:00','Boston','North End',1,1,1,0),(1588,'2015-11-16 00:00:00','Boston','North End',1,1,1,0),(1589,'2015-11-09 00:00:00','Boston','North End',1,1,1,0),(1590,'2015-11-02 00:00:00','Boston','North End',1,1,1,0),(1591,'2015-10-26 00:00:00','Boston','North End',1,1,1,0),(1592,'2015-10-19 00:00:00','Boston','North End',1,1,1,0),(1593,'2015-10-12 00:00:00','Boston','North End',1,1,1,0),(1594,'2015-10-05 00:00:00','Boston','North End',1,1,1,0),(1595,'2015-09-28 00:00:00','Boston','North End',1,1,1,0),(1596,'2015-09-21 00:00:00','Boston','North End',1,1,1,0),(1597,'2015-09-14 00:00:00','Boston','North End',1,1,1,40),(1598,'2015-09-07 00:00:00','Boston','North End',1,1,1,48),(1599,'2015-08-31 00:00:00','Boston','North End',1,1,1,102),(1600,'2015-08-24 00:00:00','Boston','North End',1,1,1,177),(1601,'2015-08-17 00:00:00','Boston','North End',1,1,1,198),(1602,'2015-08-10 00:00:00','Boston','North End',1,1,1,210),(1603,'2015-08-03 00:00:00','Boston','North End',1,1,1,205),(1604,'2015-07-27 00:00:00','Boston','North End',1,1,1,208),(1605,'2015-07-20 00:00:00','Boston','North End',1,1,1,173),(1606,'2015-07-13 00:00:00','Boston','North End',1,1,1,170),(1607,'2015-07-06 00:00:00','Boston','North End',1,1,1,174),(1608,'2015-06-29 00:00:00','Boston','North End',1,1,1,309),(1609,'2015-06-22 00:00:00','Boston','North End',1,1,1,177),(1610,'2015-06-15 00:00:00','Boston','North End',1,1,1,145),(1611,'2015-06-08 00:00:00','Boston','North End',1,1,1,143),(1612,'2015-06-01 00:00:00','Boston','North End',1,1,1,131),(1613,'2016-05-23 00:00:00','Boston','North End',1,1,2,349),(1614,'2016-05-16 00:00:00','Boston','North End',1,1,2,329),(1615,'2016-05-09 00:00:00','Boston','North End',1,1,2,326),(1616,'2016-05-02 00:00:00','Boston','North End',1,1,2,294),(1617,'2016-04-25 00:00:00','Boston','North End',1,1,2,286),(1618,'2016-04-18 00:00:00','Boston','North End',1,1,2,284),(1619,'2016-04-11 00:00:00','Boston','North End',1,1,2,268),(1620,'2016-04-04 00:00:00','Boston','North End',1,1,2,261),(1621,'2016-03-28 00:00:00','Boston','North End',1,1,2,261),(1622,'2016-03-21 00:00:00','Boston','North End',1,1,2,262),(1623,'2016-03-14 00:00:00','Boston','North End',1,1,2,259),(1624,'2016-03-07 00:00:00','Boston','North End',1,1,2,254),(1625,'2016-02-29 00:00:00','Boston','North End',1,1,2,246),(1626,'2016-02-22 00:00:00','Boston','North End',1,1,2,226),(1627,'2016-02-15 00:00:00','Boston','North End',1,1,2,214),(1628,'2016-02-08 00:00:00','Boston','North End',1,1,2,210),(1629,'2016-02-01 00:00:00','Boston','North End',1,1,2,208),(1630,'2016-01-25 00:00:00','Boston','North End',1,1,2,216),(1631,'2016-01-18 00:00:00','Boston','North End',1,1,2,217),(1632,'2016-01-11 00:00:00','Boston','North End',1,1,2,208),(1633,'2016-01-04 00:00:00','Boston','North End',1,1,2,213),(1634,'2015-12-28 00:00:00','Boston','North End',1,1,2,215),(1635,'2015-12-21 00:00:00','Boston','North End',1,1,2,209),(1636,'2015-12-14 00:00:00','Boston','North End',1,1,2,215),(1637,'2015-12-07 00:00:00','Boston','North End',1,1,2,216),(1638,'2015-11-30 00:00:00','Boston','North End',1,1,2,210),(1639,'2015-11-23 00:00:00','Boston','North End',1,1,2,218),(1640,'2015-11-16 00:00:00','Boston','North End',1,1,2,212),(1641,'2015-11-09 00:00:00','Boston','North End',1,1,2,208),(1642,'2015-11-02 00:00:00','Boston','North End',1,1,2,211),(1643,'2015-10-26 00:00:00','Boston','North End',1,1,2,226),(1644,'2015-10-19 00:00:00','Boston','North End',1,1,2,237),(1645,'2015-10-12 00:00:00','Boston','North End',1,1,2,247),(1646,'2015-10-05 00:00:00','Boston','North End',1,1,2,250),(1647,'2015-09-28 00:00:00','Boston','North End',1,1,2,263),(1648,'2015-09-21 00:00:00','Boston','North End',1,1,2,284),(1649,'2015-09-14 00:00:00','Boston','North End',1,1,2,289),(1650,'2015-09-07 00:00:00','Boston','North End',1,1,2,310),(1651,'2015-08-31 00:00:00','Boston','North End',1,1,2,310),(1652,'2015-08-24 00:00:00','Boston','North End',1,1,2,320),(1653,'2015-08-17 00:00:00','Boston','North End',1,1,2,350),(1654,'2015-08-10 00:00:00','Boston','North End',1,1,2,355),(1655,'2015-08-03 00:00:00','Boston','North End',1,1,2,393),(1656,'2015-07-27 00:00:00','Boston','North End',1,1,2,417),(1657,'2015-07-20 00:00:00','Boston','North End',1,1,2,417),(1658,'2015-07-13 00:00:00','Boston','North End',1,1,2,426),(1659,'2015-07-06 00:00:00','Boston','North End',1,1,2,420),(1660,'2015-06-29 00:00:00','Boston','North End',1,1,2,626),(1661,'2015-06-22 00:00:00','Boston','North End',1,1,2,385),(1662,'2015-06-15 00:00:00','Boston','North End',1,1,2,374),(1663,'2015-06-08 00:00:00','Boston','North End',1,1,2,368),(1664,'2015-06-01 00:00:00','Boston','North End',1,1,2,359),(1665,'2016-05-23 00:00:00','Boston','North End',1,2,1,258),(1666,'2016-05-16 00:00:00','Boston','North End',1,2,1,183),(1667,'2016-05-09 00:00:00','Boston','North End',1,2,1,127),(1668,'2016-05-02 00:00:00','Boston','North End',1,2,1,99),(1669,'2016-04-25 00:00:00','Boston','North End',1,2,1,0),(1670,'2016-04-18 00:00:00','Boston','North End',1,2,1,0),(1671,'2016-04-11 00:00:00','Boston','North End',1,2,1,0),(1672,'2016-04-04 00:00:00','Boston','North End',1,2,1,0),(1673,'2016-03-28 00:00:00','Boston','North End',1,2,1,0),(1674,'2016-03-21 00:00:00','Boston','North End',1,2,1,0),(1675,'2016-03-14 00:00:00','Boston','North End',1,2,1,0),(1676,'2016-03-07 00:00:00','Boston','North End',1,2,1,0),(1677,'2016-02-29 00:00:00','Boston','North End',1,2,1,0),(1678,'2016-02-22 00:00:00','Boston','North End',1,2,1,0),(1679,'2016-02-15 00:00:00','Boston','North End',1,2,1,0),(1680,'2016-02-08 00:00:00','Boston','North End',1,2,1,0),(1681,'2016-02-01 00:00:00','Boston','North End',1,2,1,0),(1682,'2016-01-25 00:00:00','Boston','North End',1,2,1,0),(1683,'2016-01-18 00:00:00','Boston','North End',1,2,1,0),(1684,'2016-01-11 00:00:00','Boston','North End',1,2,1,0),(1685,'2016-01-04 00:00:00','Boston','North End',1,2,1,0),(1686,'2015-12-28 00:00:00','Boston','North End',1,2,1,0),(1687,'2015-12-21 00:00:00','Boston','North End',1,2,1,0),(1688,'2015-12-14 00:00:00','Boston','North End',1,2,1,0),(1689,'2015-12-07 00:00:00','Boston','North End',1,2,1,0),(1690,'2015-11-30 00:00:00','Boston','North End',1,2,1,0),(1691,'2015-11-23 00:00:00','Boston','North End',1,2,1,0),(1692,'2015-11-16 00:00:00','Boston','North End',1,2,1,0),(1693,'2015-11-09 00:00:00','Boston','North End',1,2,1,0),(1694,'2015-11-02 00:00:00','Boston','North End',1,2,1,0),(1695,'2015-10-26 00:00:00','Boston','North End',1,2,1,0),(1696,'2015-10-19 00:00:00','Boston','North End',1,2,1,0),(1697,'2015-10-12 00:00:00','Boston','North End',1,2,1,0),(1698,'2015-10-05 00:00:00','Boston','North End',1,2,1,0),(1699,'2015-09-28 00:00:00','Boston','North End',1,2,1,0),(1700,'2015-09-21 00:00:00','Boston','North End',1,2,1,0),(1701,'2015-09-14 00:00:00','Boston','North End',1,2,1,95),(1702,'2015-09-07 00:00:00','Boston','North End',1,2,1,116),(1703,'2015-08-31 00:00:00','Boston','North End',1,2,1,275),(1704,'2015-08-24 00:00:00','Boston','North End',1,2,1,457),(1705,'2015-08-17 00:00:00','Boston','North End',1,2,1,520),(1706,'2015-08-10 00:00:00','Boston','North End',1,2,1,554),(1707,'2015-08-03 00:00:00','Boston','North End',1,2,1,549),(1708,'2015-07-27 00:00:00','Boston','North End',1,2,1,550),(1709,'2015-07-20 00:00:00','Boston','North End',1,2,1,461),(1710,'2015-07-13 00:00:00','Boston','North End',1,2,1,443),(1711,'2015-07-06 00:00:00','Boston','North End',1,2,1,456),(1712,'2015-06-29 00:00:00','Boston','North End',1,2,1,820),(1713,'2015-06-22 00:00:00','Boston','North End',1,2,1,458),(1714,'2015-06-15 00:00:00','Boston','North End',1,2,1,392),(1715,'2015-06-08 00:00:00','Boston','North End',1,2,1,366),(1716,'2015-06-01 00:00:00','Boston','North End',1,2,1,328),(1717,'2016-05-23 00:00:00','Boston','North End',1,2,2,263),(1718,'2016-05-16 00:00:00','Boston','North End',1,2,2,251),(1719,'2016-05-09 00:00:00','Boston','North End',1,2,2,246),(1720,'2016-05-02 00:00:00','Boston','North End',1,2,2,218),(1721,'2016-04-25 00:00:00','Boston','North End',1,2,2,216),(1722,'2016-04-18 00:00:00','Boston','North End',1,2,2,209),(1723,'2016-04-11 00:00:00','Boston','North End',1,2,2,204),(1724,'2016-04-04 00:00:00','Boston','North End',1,2,2,201),(1725,'2016-03-28 00:00:00','Boston','North End',1,2,2,196),(1726,'2016-03-21 00:00:00','Boston','North End',1,2,2,198),(1727,'2016-03-14 00:00:00','Boston','North End',1,2,2,190),(1728,'2016-03-07 00:00:00','Boston','North End',1,2,2,190),(1729,'2016-02-29 00:00:00','Boston','North End',1,2,2,186),(1730,'2016-02-22 00:00:00','Boston','North End',1,2,2,170),(1731,'2016-02-15 00:00:00','Boston','North End',1,2,2,161),(1732,'2016-02-08 00:00:00','Boston','North End',1,2,2,160),(1733,'2016-02-01 00:00:00','Boston','North End',1,2,2,165),(1734,'2016-01-25 00:00:00','Boston','North End',1,2,2,156),(1735,'2016-01-18 00:00:00','Boston','North End',1,2,2,156),(1736,'2016-01-11 00:00:00','Boston','North End',1,2,2,159),(1737,'2016-01-04 00:00:00','Boston','North End',1,2,2,164),(1738,'2015-12-28 00:00:00','Boston','North End',1,2,2,158),(1739,'2015-12-21 00:00:00','Boston','North End',1,2,2,159),(1740,'2015-12-14 00:00:00','Boston','North End',1,2,2,165),(1741,'2015-12-07 00:00:00','Boston','North End',1,2,2,161),(1742,'2015-11-30 00:00:00','Boston','North End',1,2,2,156),(1743,'2015-11-23 00:00:00','Boston','North End',1,2,2,163),(1744,'2015-11-16 00:00:00','Boston','North End',1,2,2,164),(1745,'2015-11-09 00:00:00','Boston','North End',1,2,2,160),(1746,'2015-11-02 00:00:00','Boston','North End',1,2,2,159),(1747,'2015-10-26 00:00:00','Boston','North End',1,2,2,169),(1748,'2015-10-19 00:00:00','Boston','North End',1,2,2,177),(1749,'2015-10-12 00:00:00','Boston','North End',1,2,2,189),(1750,'2015-10-05 00:00:00','Boston','North End',1,2,2,193),(1751,'2015-09-28 00:00:00','Boston','North End',1,2,2,196),(1752,'2015-09-21 00:00:00','Boston','North End',1,2,2,213),(1753,'2015-09-14 00:00:00','Boston','North End',1,2,2,222),(1754,'2015-09-07 00:00:00','Boston','North End',1,2,2,231),(1755,'2015-08-31 00:00:00','Boston','North End',1,2,2,235),(1756,'2015-08-24 00:00:00','Boston','North End',1,2,2,244),(1757,'2015-08-17 00:00:00','Boston','North End',1,2,2,258),(1758,'2015-08-10 00:00:00','Boston','North End',1,2,2,272),(1759,'2015-08-03 00:00:00','Boston','North End',1,2,2,294),(1760,'2015-07-27 00:00:00','Boston','North End',1,2,2,318),(1761,'2015-07-20 00:00:00','Boston','North End',1,2,2,320),(1762,'2015-07-13 00:00:00','Boston','North End',1,2,2,320),(1763,'2015-07-06 00:00:00','Boston','North End',1,2,2,315),(1764,'2015-06-29 00:00:00','Boston','North End',1,2,2,477),(1765,'2015-06-22 00:00:00','Boston','North End',1,2,2,295),(1766,'2015-06-15 00:00:00','Boston','North End',1,2,2,282),(1767,'2015-06-08 00:00:00','Boston','North End',1,2,2,270),(1768,'2015-06-01 00:00:00','Boston','North End',1,2,2,272),(1769,'2016-05-23 00:00:00','Boston','North End',1,3,1,168),(1770,'2016-05-16 00:00:00','Boston','North End',1,3,1,122),(1771,'2016-05-09 00:00:00','Boston','North End',1,3,1,83),(1772,'2016-05-02 00:00:00','Boston','North End',1,3,1,61),(1773,'2016-04-25 00:00:00','Boston','North End',1,3,1,0),(1774,'2016-04-18 00:00:00','Boston','North End',1,3,1,0),(1775,'2016-04-11 00:00:00','Boston','North End',1,3,1,0),(1776,'2016-04-04 00:00:00','Boston','North End',1,3,1,0),(1777,'2016-03-28 00:00:00','Boston','North End',1,3,1,0),(1778,'2016-03-21 00:00:00','Boston','North End',1,3,1,0),(1779,'2016-03-14 00:00:00','Boston','North End',1,3,1,0),(1780,'2016-03-07 00:00:00','Boston','North End',1,3,1,0),(1781,'2016-02-29 00:00:00','Boston','North End',1,3,1,0),(1782,'2016-02-22 00:00:00','Boston','North End',1,3,1,0),(1783,'2016-02-15 00:00:00','Boston','North End',1,3,1,0),(1784,'2016-02-08 00:00:00','Boston','North End',1,3,1,0),(1785,'2016-02-01 00:00:00','Boston','North End',1,3,1,0),(1786,'2016-01-25 00:00:00','Boston','North End',1,3,1,0),(1787,'2016-01-18 00:00:00','Boston','North End',1,3,1,0),(1788,'2016-01-11 00:00:00','Boston','North End',1,3,1,0),(1789,'2016-01-04 00:00:00','Boston','North End',1,3,1,0),(1790,'2015-12-28 00:00:00','Boston','North End',1,3,1,0),(1791,'2015-12-21 00:00:00','Boston','North End',1,3,1,0),(1792,'2015-12-14 00:00:00','Boston','North End',1,3,1,0),(1793,'2015-12-07 00:00:00','Boston','North End',1,3,1,0),(1794,'2015-11-30 00:00:00','Boston','North End',1,3,1,0),(1795,'2015-11-23 00:00:00','Boston','North End',1,3,1,0),(1796,'2015-11-16 00:00:00','Boston','North End',1,3,1,0),(1797,'2015-11-09 00:00:00','Boston','North End',1,3,1,0),(1798,'2015-11-02 00:00:00','Boston','North End',1,3,1,0),(1799,'2015-10-26 00:00:00','Boston','North End',1,3,1,0),(1800,'2015-10-19 00:00:00','Boston','North End',1,3,1,0),(1801,'2015-10-12 00:00:00','Boston','North End',1,3,1,0),(1802,'2015-10-05 00:00:00','Boston','North End',1,3,1,0),(1803,'2015-09-28 00:00:00','Boston','North End',1,3,1,0),(1804,'2015-09-21 00:00:00','Boston','North End',1,3,1,0),(1805,'2015-09-14 00:00:00','Boston','North End',1,3,1,61),(1806,'2015-09-07 00:00:00','Boston','North End',1,3,1,69),(1807,'2015-08-31 00:00:00','Boston','North End',1,3,1,182),(1808,'2015-08-24 00:00:00','Boston','North End',1,3,1,294),(1809,'2015-08-17 00:00:00','Boston','North End',1,3,1,329),(1810,'2015-08-10 00:00:00','Boston','North End',1,3,1,346),(1811,'2015-08-03 00:00:00','Boston','North End',1,3,1,351),(1812,'2015-07-27 00:00:00','Boston','North End',1,3,1,349),(1813,'2015-07-20 00:00:00','Boston','North End',1,3,1,298),(1814,'2015-07-13 00:00:00','Boston','North End',1,3,1,278),(1815,'2015-07-06 00:00:00','Boston','North End',1,3,1,289),(1816,'2015-06-29 00:00:00','Boston','North End',1,3,1,522),(1817,'2015-06-22 00:00:00','Boston','North End',1,3,1,290),(1818,'2015-06-15 00:00:00','Boston','North End',1,3,1,251),(1819,'2015-06-08 00:00:00','Boston','North End',1,3,1,238),(1820,'2015-06-01 00:00:00','Boston','North End',1,3,1,210),(1821,'2016-05-23 00:00:00','Boston','North End',1,3,2,332),(1822,'2016-05-16 00:00:00','Boston','North End',1,3,2,308),(1823,'2016-05-09 00:00:00','Boston','North End',1,3,2,302),(1824,'2016-05-02 00:00:00','Boston','North End',1,3,2,272),(1825,'2016-04-25 00:00:00','Boston','North End',1,3,2,271),(1826,'2016-04-18 00:00:00','Boston','North End',1,3,2,255),(1827,'2016-04-11 00:00:00','Boston','North End',1,3,2,252),(1828,'2016-04-04 00:00:00','Boston','North End',1,3,2,242),(1829,'2016-03-28 00:00:00','Boston','North End',1,3,2,245),(1830,'2016-03-21 00:00:00','Boston','North End',1,3,2,239),(1831,'2016-03-14 00:00:00','Boston','North End',1,3,2,236),(1832,'2016-03-07 00:00:00','Boston','North End',1,3,2,236),(1833,'2016-02-29 00:00:00','Boston','North End',1,3,2,227),(1834,'2016-02-22 00:00:00','Boston','North End',1,3,2,207),(1835,'2016-02-15 00:00:00','Boston','North End',1,3,2,195),(1836,'2016-02-08 00:00:00','Boston','North End',1,3,2,195),(1837,'2016-02-01 00:00:00','Boston','North End',1,3,2,202),(1838,'2016-01-25 00:00:00','Boston','North End',1,3,2,195),(1839,'2016-01-18 00:00:00','Boston','North End',1,3,2,201),(1840,'2016-01-11 00:00:00','Boston','North End',1,3,2,201),(1841,'2016-01-04 00:00:00','Boston','North End',1,3,2,199),(1842,'2015-12-28 00:00:00','Boston','North End',1,3,2,200),(1843,'2015-12-21 00:00:00','Boston','North End',1,3,2,198),(1844,'2015-12-14 00:00:00','Boston','North End',1,3,2,201),(1845,'2015-12-07 00:00:00','Boston','North End',1,3,2,202),(1846,'2015-11-30 00:00:00','Boston','North End',1,3,2,195),(1847,'2015-11-23 00:00:00','Boston','North End',1,3,2,197),(1848,'2015-11-16 00:00:00','Boston','North End',1,3,2,200),(1849,'2015-11-09 00:00:00','Boston','North End',1,3,2,197),(1850,'2015-11-02 00:00:00','Boston','North End',1,3,2,202),(1851,'2015-10-26 00:00:00','Boston','North End',1,3,2,211),(1852,'2015-10-19 00:00:00','Boston','North End',1,3,2,217),(1853,'2015-10-12 00:00:00','Boston','North End',1,3,2,229),(1854,'2015-10-05 00:00:00','Boston','North End',1,3,2,232),(1855,'2015-09-28 00:00:00','Boston','North End',1,3,2,246),(1856,'2015-09-21 00:00:00','Boston','North End',1,3,2,257),(1857,'2015-09-14 00:00:00','Boston','North End',1,3,2,275),(1858,'2015-09-07 00:00:00','Boston','North End',1,3,2,284),(1859,'2015-08-31 00:00:00','Boston','North End',1,3,2,295),(1860,'2015-08-24 00:00:00','Boston','North End',1,3,2,299),(1861,'2015-08-17 00:00:00','Boston','North End',1,3,2,320),(1862,'2015-08-10 00:00:00','Boston','North End',1,3,2,329),(1863,'2015-08-03 00:00:00','Boston','North End',1,3,2,366),(1864,'2015-07-27 00:00:00','Boston','North End',1,3,2,392),(1865,'2015-07-20 00:00:00','Boston','North End',1,3,2,394),(1866,'2015-07-13 00:00:00','Boston','North End',1,3,2,395),(1867,'2015-07-06 00:00:00','Boston','North End',1,3,2,391),(1868,'2015-06-29 00:00:00','Boston','North End',1,3,2,586),(1869,'2015-06-22 00:00:00','Boston','North End',1,3,2,365),(1870,'2015-06-15 00:00:00','Boston','North End',1,3,2,345),(1871,'2015-06-08 00:00:00','Boston','North End',1,3,2,339),(1872,'2015-06-01 00:00:00','Boston','North End',1,3,2,331),(1873,'2016-05-23 00:00:00','Boston','South End',1,1,1,96),(1874,'2016-05-16 00:00:00','Boston','South End',1,1,1,76),(1875,'2016-05-09 00:00:00','Boston','South End',1,1,1,58),(1876,'2016-05-02 00:00:00','Boston','South End',1,1,1,37),(1877,'2016-04-25 00:00:00','Boston','South End',1,1,1,0),(1878,'2016-04-18 00:00:00','Boston','South End',1,1,1,0),(1879,'2016-04-11 00:00:00','Boston','South End',1,1,1,0),(1880,'2016-04-04 00:00:00','Boston','South End',1,1,1,0),(1881,'2016-03-28 00:00:00','Boston','South End',1,1,1,0),(1882,'2016-03-21 00:00:00','Boston','South End',1,1,1,0),(1883,'2016-03-14 00:00:00','Boston','South End',1,1,1,0),(1884,'2016-03-07 00:00:00','Boston','South End',1,1,1,0),(1885,'2016-02-29 00:00:00','Boston','South End',1,1,1,0),(1886,'2016-02-22 00:00:00','Boston','South End',1,1,1,0),(1887,'2016-02-15 00:00:00','Boston','South End',1,1,1,0),(1888,'2016-02-08 00:00:00','Boston','South End',1,1,1,0),(1889,'2016-02-01 00:00:00','Boston','South End',1,1,1,0),(1890,'2016-01-25 00:00:00','Boston','South End',1,1,1,0),(1891,'2016-01-18 00:00:00','Boston','South End',1,1,1,0),(1892,'2016-01-11 00:00:00','Boston','South End',1,1,1,0),(1893,'2016-01-04 00:00:00','Boston','South End',1,1,1,0),(1894,'2015-12-28 00:00:00','Boston','South End',1,1,1,0),(1895,'2015-12-21 00:00:00','Boston','South End',1,1,1,0),(1896,'2015-12-14 00:00:00','Boston','South End',1,1,1,0),(1897,'2015-12-07 00:00:00','Boston','South End',1,1,1,0),(1898,'2015-11-30 00:00:00','Boston','South End',1,1,1,0),(1899,'2015-11-23 00:00:00','Boston','South End',1,1,1,0),(1900,'2015-11-16 00:00:00','Boston','South End',1,1,1,0),(1901,'2015-11-09 00:00:00','Boston','South End',1,1,1,0),(1902,'2015-11-02 00:00:00','Boston','South End',1,1,1,0),(1903,'2015-10-26 00:00:00','Boston','South End',1,1,1,0),(1904,'2015-10-19 00:00:00','Boston','South End',1,1,1,0),(1905,'2015-10-12 00:00:00','Boston','South End',1,1,1,0),(1906,'2015-10-05 00:00:00','Boston','South End',1,1,1,0),(1907,'2015-09-28 00:00:00','Boston','South End',1,1,1,0),(1908,'2015-09-21 00:00:00','Boston','South End',1,1,1,0),(1909,'2015-09-14 00:00:00','Boston','South End',1,1,1,43),(1910,'2015-09-07 00:00:00','Boston','South End',1,1,1,41),(1911,'2015-08-31 00:00:00','Boston','South End',1,1,1,112),(1912,'2015-08-24 00:00:00','Boston','South End',1,1,1,172),(1913,'2015-08-17 00:00:00','Boston','South End',1,1,1,199),(1914,'2015-08-10 00:00:00','Boston','South End',1,1,1,210),(1915,'2015-08-03 00:00:00','Boston','South End',1,1,1,212),(1916,'2015-07-27 00:00:00','Boston','South End',1,1,1,211),(1917,'2015-07-20 00:00:00','Boston','South End',1,1,1,177),(1918,'2015-07-13 00:00:00','Boston','South End',1,1,1,170),(1919,'2015-07-06 00:00:00','Boston','South End',1,1,1,172),(1920,'2015-06-29 00:00:00','Boston','South End',1,1,1,314),(1921,'2015-06-22 00:00:00','Boston','South End',1,1,1,170),(1922,'2015-06-15 00:00:00','Boston','South End',1,1,1,144),(1923,'2015-06-08 00:00:00','Boston','South End',1,1,1,139),(1924,'2015-06-01 00:00:00','Boston','South End',1,1,1,128),(1925,'2016-05-23 00:00:00','Boston','South End',1,1,2,351),(1926,'2016-05-16 00:00:00','Boston','South End',1,1,2,332),(1927,'2016-05-09 00:00:00','Boston','South End',1,1,2,325),(1928,'2016-05-02 00:00:00','Boston','South End',1,1,2,294),(1929,'2016-04-25 00:00:00','Boston','South End',1,1,2,285),(1930,'2016-04-18 00:00:00','Boston','South End',1,1,2,279),(1931,'2016-04-11 00:00:00','Boston','South End',1,1,2,275),(1932,'2016-04-04 00:00:00','Boston','South End',1,1,2,262),(1933,'2016-03-28 00:00:00','Boston','South End',1,1,2,262),(1934,'2016-03-21 00:00:00','Boston','South End',1,1,2,256),(1935,'2016-03-14 00:00:00','Boston','South End',1,1,2,254),(1936,'2016-03-07 00:00:00','Boston','South End',1,1,2,261),(1937,'2016-02-29 00:00:00','Boston','South End',1,1,2,247),(1938,'2016-02-22 00:00:00','Boston','South End',1,1,2,227),(1939,'2016-02-15 00:00:00','Boston','South End',1,1,2,217),(1940,'2016-02-08 00:00:00','Boston','South End',1,1,2,217),(1941,'2016-02-01 00:00:00','Boston','South End',1,1,2,214),(1942,'2016-01-25 00:00:00','Boston','South End',1,1,2,209),(1943,'2016-01-18 00:00:00','Boston','South End',1,1,2,217),(1944,'2016-01-11 00:00:00','Boston','South End',1,1,2,215),(1945,'2016-01-04 00:00:00','Boston','South End',1,1,2,215),(1946,'2015-12-28 00:00:00','Boston','South End',1,1,2,211),(1947,'2015-12-21 00:00:00','Boston','South End',1,1,2,216),(1948,'2015-12-14 00:00:00','Boston','South End',1,1,2,215),(1949,'2015-12-07 00:00:00','Boston','South End',1,1,2,212),(1950,'2015-11-30 00:00:00','Boston','South End',1,1,2,217),(1951,'2015-11-23 00:00:00','Boston','South End',1,1,2,216),(1952,'2015-11-16 00:00:00','Boston','South End',1,1,2,214),(1953,'2015-11-09 00:00:00','Boston','South End',1,1,2,217),(1954,'2015-11-02 00:00:00','Boston','South End',1,1,2,214),(1955,'2015-10-26 00:00:00','Boston','South End',1,1,2,228),(1956,'2015-10-19 00:00:00','Boston','South End',1,1,2,232),(1957,'2015-10-12 00:00:00','Boston','South End',1,1,2,241),(1958,'2015-10-05 00:00:00','Boston','South End',1,1,2,245),(1959,'2015-09-28 00:00:00','Boston','South End',1,1,2,261),(1960,'2015-09-21 00:00:00','Boston','South End',1,1,2,279),(1961,'2015-09-14 00:00:00','Boston','South End',1,1,2,292),(1962,'2015-09-07 00:00:00','Boston','South End',1,1,2,311),(1963,'2015-08-31 00:00:00','Boston','South End',1,1,2,311),(1964,'2015-08-24 00:00:00','Boston','South End',1,1,2,328),(1965,'2015-08-17 00:00:00','Boston','South End',1,1,2,352),(1966,'2015-08-10 00:00:00','Boston','South End',1,1,2,356),(1967,'2015-08-03 00:00:00','Boston','South End',1,1,2,387),(1968,'2015-07-27 00:00:00','Boston','South End',1,1,2,423),(1969,'2015-07-20 00:00:00','Boston','South End',1,1,2,423),(1970,'2015-07-13 00:00:00','Boston','South End',1,1,2,418),(1971,'2015-07-06 00:00:00','Boston','South End',1,1,2,421),(1972,'2015-06-29 00:00:00','Boston','South End',1,1,2,629),(1973,'2015-06-22 00:00:00','Boston','South End',1,1,2,392),(1974,'2015-06-15 00:00:00','Boston','South End',1,1,2,373),(1975,'2015-06-08 00:00:00','Boston','South End',1,1,2,365),(1976,'2015-06-01 00:00:00','Boston','South End',1,1,2,356),(1977,'2016-05-23 00:00:00','Boston','South End',1,2,1,256),(1978,'2016-05-16 00:00:00','Boston','South End',1,2,1,190),(1979,'2016-05-09 00:00:00','Boston','South End',1,2,1,129),(1980,'2016-05-02 00:00:00','Boston','South End',1,2,1,93),(1981,'2016-04-25 00:00:00','Boston','South End',1,2,1,0),(1982,'2016-04-18 00:00:00','Boston','South End',1,2,1,0),(1983,'2016-04-11 00:00:00','Boston','South End',1,2,1,0),(1984,'2016-04-04 00:00:00','Boston','South End',1,2,1,0),(1985,'2016-03-28 00:00:00','Boston','South End',1,2,1,0),(1986,'2016-03-21 00:00:00','Boston','South End',1,2,1,0),(1987,'2016-03-14 00:00:00','Boston','South End',1,2,1,0),(1988,'2016-03-07 00:00:00','Boston','South End',1,2,1,0),(1989,'2016-02-29 00:00:00','Boston','South End',1,2,1,0),(1990,'2016-02-22 00:00:00','Boston','South End',1,2,1,0),(1991,'2016-02-15 00:00:00','Boston','South End',1,2,1,0),(1992,'2016-02-08 00:00:00','Boston','South End',1,2,1,0),(1993,'2016-02-01 00:00:00','Boston','South End',1,2,1,0),(1994,'2016-01-25 00:00:00','Boston','South End',1,2,1,0),(1995,'2016-01-18 00:00:00','Boston','South End',1,2,1,0),(1996,'2016-01-11 00:00:00','Boston','South End',1,2,1,0),(1997,'2016-01-04 00:00:00','Boston','South End',1,2,1,0),(1998,'2015-12-28 00:00:00','Boston','South End',1,2,1,0),(1999,'2015-12-21 00:00:00','Boston','South End',1,2,1,0),(2000,'2015-12-14 00:00:00','Boston','South End',1,2,1,0),(2001,'2015-12-07 00:00:00','Boston','South End',1,2,1,0),(2002,'2015-11-30 00:00:00','Boston','South End',1,2,1,0),(2003,'2015-11-23 00:00:00','Boston','South End',1,2,1,0),(2004,'2015-11-16 00:00:00','Boston','South End',1,2,1,0),(2005,'2015-11-09 00:00:00','Boston','South End',1,2,1,0),(2006,'2015-11-02 00:00:00','Boston','South End',1,2,1,0),(2007,'2015-10-26 00:00:00','Boston','South End',1,2,1,0),(2008,'2015-10-19 00:00:00','Boston','South End',1,2,1,0),(2009,'2015-10-12 00:00:00','Boston','South End',1,2,1,0),(2010,'2015-10-05 00:00:00','Boston','South End',1,2,1,0),(2011,'2015-09-28 00:00:00','Boston','South End',1,2,1,0),(2012,'2015-09-21 00:00:00','Boston','South End',1,2,1,0),(2013,'2015-09-14 00:00:00','Boston','South End',1,2,1,91),(2014,'2015-09-07 00:00:00','Boston','South End',1,2,1,119),(2015,'2015-08-31 00:00:00','Boston','South End',1,2,1,280),(2016,'2015-08-24 00:00:00','Boston','South End',1,2,1,457),(2017,'2015-08-17 00:00:00','Boston','South End',1,2,1,510),(2018,'2015-08-10 00:00:00','Boston','South End',1,2,1,547),(2019,'2015-08-03 00:00:00','Boston','South End',1,2,1,556),(2020,'2015-07-27 00:00:00','Boston','South End',1,2,1,549),(2021,'2015-07-20 00:00:00','Boston','South End',1,2,1,460),(2022,'2015-07-13 00:00:00','Boston','South End',1,2,1,439),(2023,'2015-07-06 00:00:00','Boston','South End',1,2,1,461),(2024,'2015-06-29 00:00:00','Boston','South End',1,2,1,822),(2025,'2015-06-22 00:00:00','Boston','South End',1,2,1,464),(2026,'2015-06-15 00:00:00','Boston','South End',1,2,1,383),(2027,'2015-06-08 00:00:00','Boston','South End',1,2,1,372),(2028,'2015-06-01 00:00:00','Boston','South End',1,2,1,335),(2029,'2016-05-23 00:00:00','Boston','South End',1,2,2,262),(2030,'2016-05-16 00:00:00','Boston','South End',1,2,2,246),(2031,'2016-05-09 00:00:00','Boston','South End',1,2,2,243),(2032,'2016-05-02 00:00:00','Boston','South End',1,2,2,216),(2033,'2016-04-25 00:00:00','Boston','South End',1,2,2,218),(2034,'2016-04-18 00:00:00','Boston','South End',1,2,2,215),(2035,'2016-04-11 00:00:00','Boston','South End',1,2,2,208),(2036,'2016-04-04 00:00:00','Boston','South End',1,2,2,196),(2037,'2016-03-28 00:00:00','Boston','South End',1,2,2,203),(2038,'2016-03-21 00:00:00','Boston','South End',1,2,2,193),(2039,'2016-03-14 00:00:00','Boston','South End',1,2,2,195),(2040,'2016-03-07 00:00:00','Boston','South End',1,2,2,194),(2041,'2016-02-29 00:00:00','Boston','South End',1,2,2,182),(2042,'2016-02-22 00:00:00','Boston','South End',1,2,2,169),(2043,'2016-02-15 00:00:00','Boston','South End',1,2,2,165),(2044,'2016-02-08 00:00:00','Boston','South End',1,2,2,163),(2045,'2016-02-01 00:00:00','Boston','South End',1,2,2,160),(2046,'2016-01-25 00:00:00','Boston','South End',1,2,2,166),(2047,'2016-01-18 00:00:00','Boston','South End',1,2,2,165),(2048,'2016-01-11 00:00:00','Boston','South End',1,2,2,157),(2049,'2016-01-04 00:00:00','Boston','South End',1,2,2,158),(2050,'2015-12-28 00:00:00','Boston','South End',1,2,2,157),(2051,'2015-12-21 00:00:00','Boston','South End',1,2,2,157),(2052,'2015-12-14 00:00:00','Boston','South End',1,2,2,156),(2053,'2015-12-07 00:00:00','Boston','South End',1,2,2,165),(2054,'2015-11-30 00:00:00','Boston','South End',1,2,2,159),(2055,'2015-11-23 00:00:00','Boston','South End',1,2,2,162),(2056,'2015-11-16 00:00:00','Boston','South End',1,2,2,164),(2057,'2015-11-09 00:00:00','Boston','South End',1,2,2,164),(2058,'2015-11-02 00:00:00','Boston','South End',1,2,2,157),(2059,'2015-10-26 00:00:00','Boston','South End',1,2,2,165),(2060,'2015-10-19 00:00:00','Boston','South End',1,2,2,176),(2061,'2015-10-12 00:00:00','Boston','South End',1,2,2,185),(2062,'2015-10-05 00:00:00','Boston','South End',1,2,2,192),(2063,'2015-09-28 00:00:00','Boston','South End',1,2,2,204),(2064,'2015-09-21 00:00:00','Boston','South End',1,2,2,211),(2065,'2015-09-14 00:00:00','Boston','South End',1,2,2,219),(2066,'2015-09-07 00:00:00','Boston','South End',1,2,2,227),(2067,'2015-08-31 00:00:00','Boston','South End',1,2,2,240),(2068,'2015-08-24 00:00:00','Boston','South End',1,2,2,248),(2069,'2015-08-17 00:00:00','Boston','South End',1,2,2,263),(2070,'2015-08-10 00:00:00','Boston','South End',1,2,2,271),(2071,'2015-08-03 00:00:00','Boston','South End',1,2,2,298),(2072,'2015-07-27 00:00:00','Boston','South End',1,2,2,318),(2073,'2015-07-20 00:00:00','Boston','South End',1,2,2,318),(2074,'2015-07-13 00:00:00','Boston','South End',1,2,2,313),(2075,'2015-07-06 00:00:00','Boston','South End',1,2,2,314),(2076,'2015-06-29 00:00:00','Boston','South End',1,2,2,471),(2077,'2015-06-22 00:00:00','Boston','South End',1,2,2,295),(2078,'2015-06-15 00:00:00','Boston','South End',1,2,2,289),(2079,'2015-06-08 00:00:00','Boston','South End',1,2,2,277),(2080,'2015-06-01 00:00:00','Boston','South End',1,2,2,267),(2081,'2016-05-23 00:00:00','Boston','South End',1,3,1,168),(2082,'2016-05-16 00:00:00','Boston','South End',1,3,1,122),(2083,'2016-05-09 00:00:00','Boston','South End',1,3,1,82),(2084,'2016-05-02 00:00:00','Boston','South End',1,3,1,65),(2085,'2016-04-25 00:00:00','Boston','South End',1,3,1,0),(2086,'2016-04-18 00:00:00','Boston','South End',1,3,1,0),(2087,'2016-04-11 00:00:00','Boston','South End',1,3,1,0),(2088,'2016-04-04 00:00:00','Boston','South End',1,3,1,0),(2089,'2016-03-28 00:00:00','Boston','South End',1,3,1,0),(2090,'2016-03-21 00:00:00','Boston','South End',1,3,1,0),(2091,'2016-03-14 00:00:00','Boston','South End',1,3,1,0),(2092,'2016-03-07 00:00:00','Boston','South End',1,3,1,0),(2093,'2016-02-29 00:00:00','Boston','South End',1,3,1,0),(2094,'2016-02-22 00:00:00','Boston','South End',1,3,1,0),(2095,'2016-02-15 00:00:00','Boston','South End',1,3,1,0),(2096,'2016-02-08 00:00:00','Boston','South End',1,3,1,0),(2097,'2016-02-01 00:00:00','Boston','South End',1,3,1,0),(2098,'2016-01-25 00:00:00','Boston','South End',1,3,1,0),(2099,'2016-01-18 00:00:00','Boston','South End',1,3,1,0),(2100,'2016-01-11 00:00:00','Boston','South End',1,3,1,0),(2101,'2016-01-04 00:00:00','Boston','South End',1,3,1,0),(2102,'2015-12-28 00:00:00','Boston','South End',1,3,1,0),(2103,'2015-12-21 00:00:00','Boston','South End',1,3,1,0),(2104,'2015-12-14 00:00:00','Boston','South End',1,3,1,0),(2105,'2015-12-07 00:00:00','Boston','South End',1,3,1,0),(2106,'2015-11-30 00:00:00','Boston','South End',1,3,1,0),(2107,'2015-11-23 00:00:00','Boston','South End',1,3,1,0),(2108,'2015-11-16 00:00:00','Boston','South End',1,3,1,0),(2109,'2015-11-09 00:00:00','Boston','South End',1,3,1,0),(2110,'2015-11-02 00:00:00','Boston','South End',1,3,1,0),(2111,'2015-10-26 00:00:00','Boston','South End',1,3,1,0),(2112,'2015-10-19 00:00:00','Boston','South End',1,3,1,0),(2113,'2015-10-12 00:00:00','Boston','South End',1,3,1,0),(2114,'2015-10-05 00:00:00','Boston','South End',1,3,1,0),(2115,'2015-09-28 00:00:00','Boston','South End',1,3,1,0),(2116,'2015-09-21 00:00:00','Boston','South End',1,3,1,0),(2117,'2015-09-14 00:00:00','Boston','South End',1,3,1,62),(2118,'2015-09-07 00:00:00','Boston','South End',1,3,1,75),(2119,'2015-08-31 00:00:00','Boston','South End',1,3,1,178),(2120,'2015-08-24 00:00:00','Boston','South End',1,3,1,288),(2121,'2015-08-17 00:00:00','Boston','South End',1,3,1,329),(2122,'2015-08-10 00:00:00','Boston','South End',1,3,1,352),(2123,'2015-08-03 00:00:00','Boston','South End',1,3,1,354),(2124,'2015-07-27 00:00:00','Boston','South End',1,3,1,352),(2125,'2015-07-20 00:00:00','Boston','South End',1,3,1,294),(2126,'2015-07-13 00:00:00','Boston','South End',1,3,1,276),(2127,'2015-07-06 00:00:00','Boston','South End',1,3,1,298),(2128,'2015-06-29 00:00:00','Boston','South End',1,3,1,520),(2129,'2015-06-22 00:00:00','Boston','South End',1,3,1,297),(2130,'2015-06-15 00:00:00','Boston','South End',1,3,1,245),(2131,'2015-06-08 00:00:00','Boston','South End',1,3,1,233),(2132,'2015-06-01 00:00:00','Boston','South End',1,3,1,217),(2133,'2016-05-23 00:00:00','Boston','South End',1,3,2,329),(2134,'2016-05-16 00:00:00','Boston','South End',1,3,2,300),(2135,'2016-05-09 00:00:00','Boston','South End',1,3,2,305),(2136,'2016-05-02 00:00:00','Boston','South End',1,3,2,272),(2137,'2016-04-25 00:00:00','Boston','South End',1,3,2,264),(2138,'2016-04-18 00:00:00','Boston','South End',1,3,2,258),(2139,'2016-04-11 00:00:00','Boston','South End',1,3,2,251),(2140,'2016-04-04 00:00:00','Boston','South End',1,3,2,245),(2141,'2016-03-28 00:00:00','Boston','South End',1,3,2,246),(2142,'2016-03-21 00:00:00','Boston','South End',1,3,2,242),(2143,'2016-03-14 00:00:00','Boston','South End',1,3,2,244),(2144,'2016-03-07 00:00:00','Boston','South End',1,3,2,243),(2145,'2016-02-29 00:00:00','Boston','South End',1,3,2,232),(2146,'2016-02-22 00:00:00','Boston','South End',1,3,2,205),(2147,'2016-02-15 00:00:00','Boston','South End',1,3,2,197),(2148,'2016-02-08 00:00:00','Boston','South End',1,3,2,194),(2149,'2016-02-01 00:00:00','Boston','South End',1,3,2,198),(2150,'2016-01-25 00:00:00','Boston','South End',1,3,2,195),(2151,'2016-01-18 00:00:00','Boston','South End',1,3,2,194),(2152,'2016-01-11 00:00:00','Boston','South End',1,3,2,195),(2153,'2016-01-04 00:00:00','Boston','South End',1,3,2,200),(2154,'2015-12-28 00:00:00','Boston','South End',1,3,2,200),(2155,'2015-12-21 00:00:00','Boston','South End',1,3,2,197),(2156,'2015-12-14 00:00:00','Boston','South End',1,3,2,202),(2157,'2015-12-07 00:00:00','Boston','South End',1,3,2,200),(2158,'2015-11-30 00:00:00','Boston','South End',1,3,2,198),(2159,'2015-11-23 00:00:00','Boston','South End',1,3,2,201),(2160,'2015-11-16 00:00:00','Boston','South End',1,3,2,196),(2161,'2015-11-09 00:00:00','Boston','South End',1,3,2,199),(2162,'2015-11-02 00:00:00','Boston','South End',1,3,2,196),(2163,'2015-10-26 00:00:00','Boston','South End',1,3,2,205),(2164,'2015-10-19 00:00:00','Boston','South End',1,3,2,218),(2165,'2015-10-12 00:00:00','Boston','South End',1,3,2,230),(2166,'2015-10-05 00:00:00','Boston','South End',1,3,2,238),(2167,'2015-09-28 00:00:00','Boston','South End',1,3,2,242),(2168,'2015-09-21 00:00:00','Boston','South End',1,3,2,263),(2169,'2015-09-14 00:00:00','Boston','South End',1,3,2,273),(2170,'2015-09-07 00:00:00','Boston','South End',1,3,2,285),(2171,'2015-08-31 00:00:00','Boston','South End',1,3,2,293),(2172,'2015-08-24 00:00:00','Boston','South End',1,3,2,305),(2173,'2015-08-17 00:00:00','Boston','South End',1,3,2,321),(2174,'2015-08-10 00:00:00','Boston','South End',1,3,2,336),(2175,'2015-08-03 00:00:00','Boston','South End',1,3,2,364),(2176,'2015-07-27 00:00:00','Boston','South End',1,3,2,396),(2177,'2015-07-20 00:00:00','Boston','South End',1,3,2,392),(2178,'2015-07-13 00:00:00','Boston','South End',1,3,2,386),(2179,'2015-07-06 00:00:00','Boston','South End',1,3,2,395),(2180,'2015-06-29 00:00:00','Boston','South End',1,3,2,585),(2181,'2015-06-22 00:00:00','Boston','South End',1,3,2,366),(2182,'2015-06-15 00:00:00','Boston','South End',1,3,2,351),(2183,'2015-06-08 00:00:00','Boston','South End',1,3,2,343),(2184,'2015-06-01 00:00:00','Boston','South End',1,3,2,332),(2185,'2016-05-23 00:00:00','Boston','West End',1,1,1,100),(2186,'2016-05-16 00:00:00','Boston','West End',1,1,1,73),(2187,'2016-05-09 00:00:00','Boston','West End',1,1,1,58),(2188,'2016-05-02 00:00:00','Boston','West End',1,1,1,38),(2189,'2016-04-25 00:00:00','Boston','West End',1,1,1,0),(2190,'2016-04-18 00:00:00','Boston','West End',1,1,1,0),(2191,'2016-04-11 00:00:00','Boston','West End',1,1,1,0),(2192,'2016-04-04 00:00:00','Boston','West End',1,1,1,0),(2193,'2016-03-28 00:00:00','Boston','West End',1,1,1,0),(2194,'2016-03-21 00:00:00','Boston','West End',1,1,1,0),(2195,'2016-03-14 00:00:00','Boston','West End',1,1,1,0),(2196,'2016-03-07 00:00:00','Boston','West End',1,1,1,0),(2197,'2016-02-29 00:00:00','Boston','West End',1,1,1,0),(2198,'2016-02-22 00:00:00','Boston','West End',1,1,1,0),(2199,'2016-02-15 00:00:00','Boston','West End',1,1,1,0),(2200,'2016-02-08 00:00:00','Boston','West End',1,1,1,0),(2201,'2016-02-01 00:00:00','Boston','West End',1,1,1,0),(2202,'2016-01-25 00:00:00','Boston','West End',1,1,1,0),(2203,'2016-01-18 00:00:00','Boston','West End',1,1,1,0),(2204,'2016-01-11 00:00:00','Boston','West End',1,1,1,0),(2205,'2016-01-04 00:00:00','Boston','West End',1,1,1,0),(2206,'2015-12-28 00:00:00','Boston','West End',1,1,1,0),(2207,'2015-12-21 00:00:00','Boston','West End',1,1,1,0),(2208,'2015-12-14 00:00:00','Boston','West End',1,1,1,0),(2209,'2015-12-07 00:00:00','Boston','West End',1,1,1,0),(2210,'2015-11-30 00:00:00','Boston','West End',1,1,1,0),(2211,'2015-11-23 00:00:00','Boston','West End',1,1,1,0),(2212,'2015-11-16 00:00:00','Boston','West End',1,1,1,0),(2213,'2015-11-09 00:00:00','Boston','West End',1,1,1,0),(2214,'2015-11-02 00:00:00','Boston','West End',1,1,1,0),(2215,'2015-10-26 00:00:00','Boston','West End',1,1,1,0),(2216,'2015-10-19 00:00:00','Boston','West End',1,1,1,0),(2217,'2015-10-12 00:00:00','Boston','West End',1,1,1,0),(2218,'2015-10-05 00:00:00','Boston','West End',1,1,1,0),(2219,'2015-09-28 00:00:00','Boston','West End',1,1,1,0),(2220,'2015-09-21 00:00:00','Boston','West End',1,1,1,0),(2221,'2015-09-14 00:00:00','Boston','West End',1,1,1,41),(2222,'2015-09-07 00:00:00','Boston','West End',1,1,1,41),(2223,'2015-08-31 00:00:00','Boston','West End',1,1,1,104),(2224,'2015-08-24 00:00:00','Boston','West End',1,1,1,170),(2225,'2015-08-17 00:00:00','Boston','West End',1,1,1,193),(2226,'2015-08-10 00:00:00','Boston','West End',1,1,1,209),(2227,'2015-08-03 00:00:00','Boston','West End',1,1,1,210),(2228,'2015-07-27 00:00:00','Boston','West End',1,1,1,209),(2229,'2015-07-20 00:00:00','Boston','West End',1,1,1,173),(2230,'2015-07-13 00:00:00','Boston','West End',1,1,1,171),(2231,'2015-07-06 00:00:00','Boston','West End',1,1,1,179),(2232,'2015-06-29 00:00:00','Boston','West End',1,1,1,311),(2233,'2015-06-22 00:00:00','Boston','West End',1,1,1,170),(2234,'2015-06-15 00:00:00','Boston','West End',1,1,1,151),(2235,'2015-06-08 00:00:00','Boston','West End',1,1,1,143),(2236,'2015-06-01 00:00:00','Boston','West End',1,1,1,128),(2237,'2016-05-23 00:00:00','Boston','West End',1,1,2,355),(2238,'2016-05-16 00:00:00','Boston','West End',1,1,2,324),(2239,'2016-05-09 00:00:00','Boston','West End',1,1,2,327),(2240,'2016-05-02 00:00:00','Boston','West End',1,1,2,292),(2241,'2016-04-25 00:00:00','Boston','West End',1,1,2,290),(2242,'2016-04-18 00:00:00','Boston','West End',1,1,2,280),(2243,'2016-04-11 00:00:00','Boston','West End',1,1,2,268),(2244,'2016-04-04 00:00:00','Boston','West End',1,1,2,266),(2245,'2016-03-28 00:00:00','Boston','West End',1,1,2,261),(2246,'2016-03-21 00:00:00','Boston','West End',1,1,2,256),(2247,'2016-03-14 00:00:00','Boston','West End',1,1,2,260),(2248,'2016-03-07 00:00:00','Boston','West End',1,1,2,258),(2249,'2016-02-29 00:00:00','Boston','West End',1,1,2,245),(2250,'2016-02-22 00:00:00','Boston','West End',1,1,2,219),(2251,'2016-02-15 00:00:00','Boston','West End',1,1,2,217),(2252,'2016-02-08 00:00:00','Boston','West End',1,1,2,211),(2253,'2016-02-01 00:00:00','Boston','West End',1,1,2,215),(2254,'2016-01-25 00:00:00','Boston','West End',1,1,2,215),(2255,'2016-01-18 00:00:00','Boston','West End',1,1,2,209),(2256,'2016-01-11 00:00:00','Boston','West End',1,1,2,215),(2257,'2016-01-04 00:00:00','Boston','West End',1,1,2,212),(2258,'2015-12-28 00:00:00','Boston','West End',1,1,2,213),(2259,'2015-12-21 00:00:00','Boston','West End',1,1,2,216),(2260,'2015-12-14 00:00:00','Boston','West End',1,1,2,212),(2261,'2015-12-07 00:00:00','Boston','West End',1,1,2,217),(2262,'2015-11-30 00:00:00','Boston','West End',1,1,2,216),(2263,'2015-11-23 00:00:00','Boston','West End',1,1,2,212),(2264,'2015-11-16 00:00:00','Boston','West End',1,1,2,213),(2265,'2015-11-09 00:00:00','Boston','West End',1,1,2,209),(2266,'2015-11-02 00:00:00','Boston','West End',1,1,2,211),(2267,'2015-10-26 00:00:00','Boston','West End',1,1,2,222),(2268,'2015-10-19 00:00:00','Boston','West End',1,1,2,239),(2269,'2015-10-12 00:00:00','Boston','West End',1,1,2,248),(2270,'2015-10-05 00:00:00','Boston','West End',1,1,2,252),(2271,'2015-09-28 00:00:00','Boston','West End',1,1,2,264),(2272,'2015-09-21 00:00:00','Boston','West End',1,1,2,284),(2273,'2015-09-14 00:00:00','Boston','West End',1,1,2,296),(2274,'2015-09-07 00:00:00','Boston','West End',1,1,2,302),(2275,'2015-08-31 00:00:00','Boston','West End',1,1,2,317),(2276,'2015-08-24 00:00:00','Boston','West End',1,1,2,323),(2277,'2015-08-17 00:00:00','Boston','West End',1,1,2,344),(2278,'2015-08-10 00:00:00','Boston','West End',1,1,2,357),(2279,'2015-08-03 00:00:00','Boston','West End',1,1,2,385),(2280,'2015-07-27 00:00:00','Boston','West End',1,1,2,417),(2281,'2015-07-20 00:00:00','Boston','West End',1,1,2,422),(2282,'2015-07-13 00:00:00','Boston','West End',1,1,2,419),(2283,'2015-07-06 00:00:00','Boston','West End',1,1,2,421),(2284,'2015-06-29 00:00:00','Boston','West End',1,1,2,634),(2285,'2015-06-22 00:00:00','Boston','West End',1,1,2,387),(2286,'2015-06-15 00:00:00','Boston','West End',1,1,2,375),(2287,'2015-06-08 00:00:00','Boston','West End',1,1,2,364),(2288,'2015-06-01 00:00:00','Boston','West End',1,1,2,355),(2289,'2016-05-23 00:00:00','Boston','West End',1,2,1,262),(2290,'2016-05-16 00:00:00','Boston','West End',1,2,1,191),(2291,'2016-05-09 00:00:00','Boston','West End',1,2,1,132),(2292,'2016-05-02 00:00:00','Boston','West End',1,2,1,94),(2293,'2016-04-25 00:00:00','Boston','West End',1,2,1,0),(2294,'2016-04-18 00:00:00','Boston','West End',1,2,1,0),(2295,'2016-04-11 00:00:00','Boston','West End',1,2,1,0),(2296,'2016-04-04 00:00:00','Boston','West End',1,2,1,0),(2297,'2016-03-28 00:00:00','Boston','West End',1,2,1,0),(2298,'2016-03-21 00:00:00','Boston','West End',1,2,1,0),(2299,'2016-03-14 00:00:00','Boston','West End',1,2,1,0),(2300,'2016-03-07 00:00:00','Boston','West End',1,2,1,0),(2301,'2016-02-29 00:00:00','Boston','West End',1,2,1,0),(2302,'2016-02-22 00:00:00','Boston','West End',1,2,1,0),(2303,'2016-02-15 00:00:00','Boston','West End',1,2,1,0),(2304,'2016-02-08 00:00:00','Boston','West End',1,2,1,0),(2305,'2016-02-01 00:00:00','Boston','West End',1,2,1,0),(2306,'2016-01-25 00:00:00','Boston','West End',1,2,1,0),(2307,'2016-01-18 00:00:00','Boston','West End',1,2,1,0),(2308,'2016-01-11 00:00:00','Boston','West End',1,2,1,0),(2309,'2016-01-04 00:00:00','Boston','West End',1,2,1,0),(2310,'2015-12-28 00:00:00','Boston','West End',1,2,1,0),(2311,'2015-12-21 00:00:00','Boston','West End',1,2,1,0),(2312,'2015-12-14 00:00:00','Boston','West End',1,2,1,0),(2313,'2015-12-07 00:00:00','Boston','West End',1,2,1,0),(2314,'2015-11-30 00:00:00','Boston','West End',1,2,1,0),(2315,'2015-11-23 00:00:00','Boston','West End',1,2,1,0),(2316,'2015-11-16 00:00:00','Boston','West End',1,2,1,0),(2317,'2015-11-09 00:00:00','Boston','West End',1,2,1,0),(2318,'2015-11-02 00:00:00','Boston','West End',1,2,1,0),(2319,'2015-10-26 00:00:00','Boston','West End',1,2,1,0),(2320,'2015-10-19 00:00:00','Boston','West End',1,2,1,0),(2321,'2015-10-12 00:00:00','Boston','West End',1,2,1,0),(2322,'2015-10-05 00:00:00','Boston','West End',1,2,1,0),(2323,'2015-09-28 00:00:00','Boston','West End',1,2,1,0),(2324,'2015-09-21 00:00:00','Boston','West End',1,2,1,0),(2325,'2015-09-14 00:00:00','Boston','West End',1,2,1,98),(2326,'2015-09-07 00:00:00','Boston','West End',1,2,1,114),(2327,'2015-08-31 00:00:00','Boston','West End',1,2,1,278),(2328,'2015-08-24 00:00:00','Boston','West End',1,2,1,464),(2329,'2015-08-17 00:00:00','Boston','West End',1,2,1,511),(2330,'2015-08-10 00:00:00','Boston','West End',1,2,1,556),(2331,'2015-08-03 00:00:00','Boston','West End',1,2,1,549),(2332,'2015-07-27 00:00:00','Boston','West End',1,2,1,548),(2333,'2015-07-20 00:00:00','Boston','West End',1,2,1,463),(2334,'2015-07-13 00:00:00','Boston','West End',1,2,1,446),(2335,'2015-07-06 00:00:00','Boston','West End',1,2,1,458),(2336,'2015-06-29 00:00:00','Boston','West End',1,2,1,828),(2337,'2015-06-22 00:00:00','Boston','West End',1,2,1,457),(2338,'2015-06-15 00:00:00','Boston','West End',1,2,1,387),(2339,'2015-06-08 00:00:00','Boston','West End',1,2,1,373),(2340,'2015-06-01 00:00:00','Boston','West End',1,2,1,333),(2341,'2016-05-23 00:00:00','Boston','West End',1,2,2,267),(2342,'2016-05-16 00:00:00','Boston','West End',1,2,2,247),(2343,'2016-05-09 00:00:00','Boston','West End',1,2,2,243),(2344,'2016-05-02 00:00:00','Boston','West End',1,2,2,216),(2345,'2016-04-25 00:00:00','Boston','West End',1,2,2,219),(2346,'2016-04-18 00:00:00','Boston','West End',1,2,2,214),(2347,'2016-04-11 00:00:00','Boston','West End',1,2,2,209),(2348,'2016-04-04 00:00:00','Boston','West End',1,2,2,201),(2349,'2016-03-28 00:00:00','Boston','West End',1,2,2,200),(2350,'2016-03-21 00:00:00','Boston','West End',1,2,2,202),(2351,'2016-03-14 00:00:00','Boston','West End',1,2,2,196),(2352,'2016-03-07 00:00:00','Boston','West End',1,2,2,191),(2353,'2016-02-29 00:00:00','Boston','West End',1,2,2,187),(2354,'2016-02-22 00:00:00','Boston','West End',1,2,2,166),(2355,'2016-02-15 00:00:00','Boston','West End',1,2,2,164),(2356,'2016-02-08 00:00:00','Boston','West End',1,2,2,156),(2357,'2016-02-01 00:00:00','Boston','West End',1,2,2,160),(2358,'2016-01-25 00:00:00','Boston','West End',1,2,2,157),(2359,'2016-01-18 00:00:00','Boston','West End',1,2,2,157),(2360,'2016-01-11 00:00:00','Boston','West End',1,2,2,159),(2361,'2016-01-04 00:00:00','Boston','West End',1,2,2,160),(2362,'2015-12-28 00:00:00','Boston','West End',1,2,2,158),(2363,'2015-12-21 00:00:00','Boston','West End',1,2,2,162),(2364,'2015-12-14 00:00:00','Boston','West End',1,2,2,160),(2365,'2015-12-07 00:00:00','Boston','West End',1,2,2,165),(2366,'2015-11-30 00:00:00','Boston','West End',1,2,2,160),(2367,'2015-11-23 00:00:00','Boston','West End',1,2,2,163),(2368,'2015-11-16 00:00:00','Boston','West End',1,2,2,160),(2369,'2015-11-09 00:00:00','Boston','West End',1,2,2,164),(2370,'2015-11-02 00:00:00','Boston','West End',1,2,2,164),(2371,'2015-10-26 00:00:00','Boston','West End',1,2,2,173),(2372,'2015-10-19 00:00:00','Boston','West End',1,2,2,180),(2373,'2015-10-12 00:00:00','Boston','West End',1,2,2,180),(2374,'2015-10-05 00:00:00','Boston','West End',1,2,2,194),(2375,'2015-09-28 00:00:00','Boston','West End',1,2,2,202),(2376,'2015-09-21 00:00:00','Boston','West End',1,2,2,213),(2377,'2015-09-14 00:00:00','Boston','West End',1,2,2,224),(2378,'2015-09-07 00:00:00','Boston','West End',1,2,2,229),(2379,'2015-08-31 00:00:00','Boston','West End',1,2,2,237),(2380,'2015-08-24 00:00:00','Boston','West End',1,2,2,243),(2381,'2015-08-17 00:00:00','Boston','West End',1,2,2,260),(2382,'2015-08-10 00:00:00','Boston','West End',1,2,2,270),(2383,'2015-08-03 00:00:00','Boston','West End',1,2,2,295),(2384,'2015-07-27 00:00:00','Boston','West End',1,2,2,316),(2385,'2015-07-20 00:00:00','Boston','West End',1,2,2,317),(2386,'2015-07-13 00:00:00','Boston','West End',1,2,2,317),(2387,'2015-07-06 00:00:00','Boston','West End',1,2,2,312),(2388,'2015-06-29 00:00:00','Boston','West End',1,2,2,470),(2389,'2015-06-22 00:00:00','Boston','West End',1,2,2,290),(2390,'2015-06-15 00:00:00','Boston','West End',1,2,2,283),(2391,'2015-06-08 00:00:00','Boston','West End',1,2,2,271),(2392,'2015-06-01 00:00:00','Boston','West End',1,2,2,275),(2393,'2016-05-23 00:00:00','Boston','West End',1,3,1,169),(2394,'2016-05-16 00:00:00','Boston','West End',1,3,1,125),(2395,'2016-05-09 00:00:00','Boston','West End',1,3,1,87),(2396,'2016-05-02 00:00:00','Boston','West End',1,3,1,65),(2397,'2016-04-25 00:00:00','Boston','West End',1,3,1,0),(2398,'2016-04-18 00:00:00','Boston','West End',1,3,1,0),(2399,'2016-04-11 00:00:00','Boston','West End',1,3,1,0),(2400,'2016-04-04 00:00:00','Boston','West End',1,3,1,0),(2401,'2016-03-28 00:00:00','Boston','West End',1,3,1,0),(2402,'2016-03-21 00:00:00','Boston','West End',1,3,1,0),(2403,'2016-03-14 00:00:00','Boston','West End',1,3,1,0),(2404,'2016-03-07 00:00:00','Boston','West End',1,3,1,0),(2405,'2016-02-29 00:00:00','Boston','West End',1,3,1,0),(2406,'2016-02-22 00:00:00','Boston','West End',1,3,1,0),(2407,'2016-02-15 00:00:00','Boston','West End',1,3,1,0),(2408,'2016-02-08 00:00:00','Boston','West End',1,3,1,0),(2409,'2016-02-01 00:00:00','Boston','West End',1,3,1,0),(2410,'2016-01-25 00:00:00','Boston','West End',1,3,1,0),(2411,'2016-01-18 00:00:00','Boston','West End',1,3,1,0),(2412,'2016-01-11 00:00:00','Boston','West End',1,3,1,0),(2413,'2016-01-04 00:00:00','Boston','West End',1,3,1,0),(2414,'2015-12-28 00:00:00','Boston','West End',1,3,1,0),(2415,'2015-12-21 00:00:00','Boston','West End',1,3,1,0),(2416,'2015-12-14 00:00:00','Boston','West End',1,3,1,0),(2417,'2015-12-07 00:00:00','Boston','West End',1,3,1,0),(2418,'2015-11-30 00:00:00','Boston','West End',1,3,1,0),(2419,'2015-11-23 00:00:00','Boston','West End',1,3,1,0),(2420,'2015-11-16 00:00:00','Boston','West End',1,3,1,0),(2421,'2015-11-09 00:00:00','Boston','West End',1,3,1,0),(2422,'2015-11-02 00:00:00','Boston','West End',1,3,1,0),(2423,'2015-10-26 00:00:00','Boston','West End',1,3,1,0),(2424,'2015-10-19 00:00:00','Boston','West End',1,3,1,0),(2425,'2015-10-12 00:00:00','Boston','West End',1,3,1,0),(2426,'2015-10-05 00:00:00','Boston','West End',1,3,1,0),(2427,'2015-09-28 00:00:00','Boston','West End',1,3,1,0),(2428,'2015-09-21 00:00:00','Boston','West End',1,3,1,0),(2429,'2015-09-14 00:00:00','Boston','West End',1,3,1,61),(2430,'2015-09-07 00:00:00','Boston','West End',1,3,1,70),(2431,'2015-08-31 00:00:00','Boston','West End',1,3,1,176),(2432,'2015-08-24 00:00:00','Boston','West End',1,3,1,297),(2433,'2015-08-17 00:00:00','Boston','West End',1,3,1,326),(2434,'2015-08-10 00:00:00','Boston','West End',1,3,1,349),(2435,'2015-08-03 00:00:00','Boston','West End',1,3,1,351),(2436,'2015-07-27 00:00:00','Boston','West End',1,3,1,354),(2437,'2015-07-20 00:00:00','Boston','West End',1,3,1,291),(2438,'2015-07-13 00:00:00','Boston','West End',1,3,1,282),(2439,'2015-07-06 00:00:00','Boston','West End',1,3,1,295),(2440,'2015-06-29 00:00:00','Boston','West End',1,3,1,527),(2441,'2015-06-22 00:00:00','Boston','West End',1,3,1,292),(2442,'2015-06-15 00:00:00','Boston','West End',1,3,1,251),(2443,'2015-06-08 00:00:00','Boston','West End',1,3,1,233),(2444,'2015-06-01 00:00:00','Boston','West End',1,3,1,217),(2445,'2016-05-23 00:00:00','Boston','West End',1,3,2,327),(2446,'2016-05-16 00:00:00','Boston','West End',1,3,2,299),(2447,'2016-05-09 00:00:00','Boston','West End',1,3,2,299),(2448,'2016-05-02 00:00:00','Boston','West End',1,3,2,273),(2449,'2016-04-25 00:00:00','Boston','West End',1,3,2,270),(2450,'2016-04-18 00:00:00','Boston','West End',1,3,2,265),(2451,'2016-04-11 00:00:00','Boston','West End',1,3,2,251),(2452,'2016-04-04 00:00:00','Boston','West End',1,3,2,243),(2453,'2016-03-28 00:00:00','Boston','West End',1,3,2,245),(2454,'2016-03-21 00:00:00','Boston','West End',1,3,2,239),(2455,'2016-03-14 00:00:00','Boston','West End',1,3,2,237),(2456,'2016-03-07 00:00:00','Boston','West End',1,3,2,243),(2457,'2016-02-29 00:00:00','Boston','West End',1,3,2,226),(2458,'2016-02-22 00:00:00','Boston','West End',1,3,2,206),(2459,'2016-02-15 00:00:00','Boston','West End',1,3,2,201),(2460,'2016-02-08 00:00:00','Boston','West End',1,3,2,201),(2461,'2016-02-01 00:00:00','Boston','West End',1,3,2,198),(2462,'2016-01-25 00:00:00','Boston','West End',1,3,2,199),(2463,'2016-01-18 00:00:00','Boston','West End',1,3,2,202),(2464,'2016-01-11 00:00:00','Boston','West End',1,3,2,199),(2465,'2016-01-04 00:00:00','Boston','West End',1,3,2,201),(2466,'2015-12-28 00:00:00','Boston','West End',1,3,2,201),(2467,'2015-12-21 00:00:00','Boston','West End',1,3,2,196),(2468,'2015-12-14 00:00:00','Boston','West End',1,3,2,199),(2469,'2015-12-07 00:00:00','Boston','West End',1,3,2,195),(2470,'2015-11-30 00:00:00','Boston','West End',1,3,2,197),(2471,'2015-11-23 00:00:00','Boston','West End',1,3,2,201),(2472,'2015-11-16 00:00:00','Boston','West End',1,3,2,195),(2473,'2015-11-09 00:00:00','Boston','West End',1,3,2,194),(2474,'2015-11-02 00:00:00','Boston','West End',1,3,2,199),(2475,'2015-10-26 00:00:00','Boston','West End',1,3,2,213),(2476,'2015-10-19 00:00:00','Boston','West End',1,3,2,220),(2477,'2015-10-12 00:00:00','Boston','West End',1,3,2,231),(2478,'2015-10-05 00:00:00','Boston','West End',1,3,2,230),(2479,'2015-09-28 00:00:00','Boston','West End',1,3,2,248),(2480,'2015-09-21 00:00:00','Boston','West End',1,3,2,259),(2481,'2015-09-14 00:00:00','Boston','West End',1,3,2,271),(2482,'2015-09-07 00:00:00','Boston','West End',1,3,2,285),(2483,'2015-08-31 00:00:00','Boston','West End',1,3,2,295),(2484,'2015-08-24 00:00:00','Boston','West End',1,3,2,295),(2485,'2015-08-17 00:00:00','Boston','West End',1,3,2,323),(2486,'2015-08-10 00:00:00','Boston','West End',1,3,2,336),(2487,'2015-08-03 00:00:00','Boston','West End',1,3,2,360),(2488,'2015-07-27 00:00:00','Boston','West End',1,3,2,395),(2489,'2015-07-20 00:00:00','Boston','West End',1,3,2,391),(2490,'2015-07-13 00:00:00','Boston','West End',1,3,2,390),(2491,'2015-07-06 00:00:00','Boston','West End',1,3,2,393),(2492,'2015-06-29 00:00:00','Boston','West End',1,3,2,581),(2493,'2015-06-22 00:00:00','Boston','West End',1,3,2,367),(2494,'2015-06-15 00:00:00','Boston','West End',1,3,2,353),(2495,'2015-06-08 00:00:00','Boston','West End',1,3,2,336),(2496,'2015-06-01 00:00:00','Boston','West End',1,3,2,336);
/*!40000 ALTER TABLE `sales` ENABLE KEYS */;
UNLOCK TABLES;

--
-- Table structure for table `sku`
--

DROP TABLE IF EXISTS `sku`;
/*!40101 SET @saved_cs_client     = @@character_set_client */;
/*!40101 SET character_set_client = utf8 */;
CREATE TABLE `sku` (
  `sku_id` int(11) NOT NULL AUTO_INCREMENT,
  `SKU` varchar(45) DEFAULT NULL,
  PRIMARY KEY (`sku_id`)
) ENGINE=InnoDB AUTO_INCREMENT=4 DEFAULT CHARSET=utf8;
/*!40101 SET character_set_client = @saved_cs_client */;

--
-- Dumping data for table `sku`
--

LOCK TABLES `sku` WRITE;
/*!40000 ALTER TABLE `sku` DISABLE KEYS */;
INSERT INTO `sku` VALUES (1,'RED - SPECIAL EDITION - FanCo. Classic'),(2,'GREEN - FanCo. Classic'),(3,'ORANGE - FanCo. Classic');
/*!40000 ALTER TABLE `sku` ENABLE KEYS */;
UNLOCK TABLES;
/*!40103 SET TIME_ZONE=@OLD_TIME_ZONE */;

/*!40101 SET SQL_MODE=@OLD_SQL_MODE */;
/*!40014 SET FOREIGN_KEY_CHECKS=@OLD_FOREIGN_KEY_CHECKS */;
/*!40014 SET UNIQUE_CHECKS=@OLD_UNIQUE_CHECKS */;
/*!40101 SET CHARACTER_SET_CLIENT=@OLD_CHARACTER_SET_CLIENT */;
/*!40101 SET CHARACTER_SET_RESULTS=@OLD_CHARACTER_SET_RESULTS */;
/*!40101 SET COLLATION_CONNECTION=@OLD_COLLATION_CONNECTION */;
/*!40111 SET SQL_NOTES=@OLD_SQL_NOTES */;

-- Dump completed on 2018-03-01 12:16:29
